合约代码,周开盘价,周最高价,周最低价,周收盘价,涨跌,持仓量,持仓变化,周末结算价,成交量,成交金额
HO2506-C-1950                 ,743.2,743.2,743.2,743.2,2.4,44,0,716,4,29.104
HO2506-C-2000                 ,null,null,null,682.8,0,60,0,665.8,0,0
HO2506-C-2050                 ,617,617,617,617,15,51,0,615.8,2,12.34
HO2506-C-2100                 ,null,null,null,591.4,0,51,0,565.6,0,0
HO2506-C-2150                 ,512.6,512.6,512.6,512.6,-13.4,18,1,515.6,3,15.574
HO2506-C-2200                 ,493,493,493,493,15,64,0,465.6,4,19.084
HO2506-C-2250                 ,412.6,443,412.4,412.4,-5.8,84,0,415.6,8,34.004
HO2506-C-2275                 ,null,null,null,430,0,3,0,390.6,0,0
HO2506-C-2300                 ,381.2,392.8,362.6,362.6,-20.2,195,0,365.6,15,56.698
HO2506-C-2325                 ,368.4,368.4,368.4,368.4,40.2,9,0,340.6,4,14.096
HO2506-C-2350                 ,335,337.6,332.6,332.6,6.6,121,-3,315.6,15,50.088
HO2506-C-2375                 ,301.2,317.8,287,307.2,8.4,28,8,290.6,32,96.386
HO2506-C-2400                 ,275,293,258.4,259,-17.4,148,0,265.8,112,304.594
HO2506-C-2425                 ,250,252.6,235.8,240.6,-16.4,33,6,240.8,43,106.136
HO2506-C-2450                 ,224.6,243.8,209.2,209.2,-24.6,47,-1,215.6,37,83.824
HO2506-C-2475                 ,204.8,210.4,184.2,184.2,-24.8,32,-6,190.8,52,103.858
HO2506-C-2500                 ,174.8,197.2,158.8,166,-10.8,220,-15,166.2,137,243.748
HO2506-C-2550                 ,126.8,143.8,110,114.6,-12.6,184,-22,116.8,339,436.222
HO2506-C-2600                 ,81.4,99.4,61.8,67,-13.8,942,19,67,5026,3988.55
HO2506-C-2650                 ,47,54.6,23.8,26.6,-14.2,2261,548,26.6,17112,6277.392
HO2506-C-2700                 ,18,22.2,6.6,7.4,-9.2,4603,1351,7.4,26224,3489.982
HO2506-C-2750                 ,7,8.6,2.2,2.6,-4,4691,-253,2.6,9144,456.792
HO2506-C-2800                 ,3.4,4.4,1.6,1.6,-1.8,5253,-182,1.6,4958,136.86
HO2506-C-2850                 ,2,2.4,0.8,0.8,-1.4,1883,54,0.8,1582,23.176
HO2506-C-2900                 ,1.6,1.6,0.6,0.8,-0.6,1483,-131,0.8,931,9.988
HO2506-C-2950                 ,1,1.2,0.4,0.6,-0.6,419,-92,0.6,578,4.658
HO2506-C-3000                 ,1,1.2,0.4,0.6,-0.4,1359,4,0.6,1365,10.802
HO2506-C-3050                 ,0.8,1,0.4,0.6,-0.2,193,-14,0.4,405,2.676
HO2506-C-3100                 ,1,1,0.4,0.4,-0.4,2207,21,0.4,767,4.988
HO2506-C-3200                 ,0.8,0.8,0.2,0.4,-0.4,2581,-298,0.2,1199,6.332
HO2506-P-1950                 ,0.2,0.4,0.2,0.4,0,315,1,0.2,112,0.308
HO2506-P-2000                 ,0.2,0.4,0.2,0.2,0,304,-17,0.2,160,0.324
HO2506-P-2050                 ,0.2,0.2,0.2,0.2,-0.2,203,-4,0.2,26,0.052
HO2506-P-2100                 ,0.4,0.4,0.2,0.4,0.2,162,-6,0.2,32,0.078
HO2506-P-2150                 ,0.4,0.4,0.2,0.4,0.2,171,-15,0.2,32,0.082
HO2506-P-2200                 ,0.4,0.4,0.2,0.4,0,226,-30,0.2,63,0.142
HO2506-P-2250                 ,0.2,0.4,0.2,0.4,0,121,-15,0.2,92,0.196
HO2506-P-2275                 ,0.4,0.4,0.4,0.4,0,163,1,0.2,31,0.102
HO2506-P-2300                 ,0.2,0.4,0.2,0.4,0,277,-22,0.2,100,0.23
HO2506-P-2325                 ,0.2,0.4,0.2,0.4,0,99,-11,0.2,145,0.302
HO2506-P-2350                 ,0.2,0.4,0.2,0.4,0,291,-53,0.4,400,1.278
HO2506-P-2375                 ,0.2,0.6,0.2,0.4,0.2,89,-3,0.4,278,1.034
HO2506-P-2400                 ,0.4,0.8,0.4,0.8,0.2,724,-21,0.6,484,2.682
HO2506-P-2425                 ,0.4,0.8,0.2,0.6,0,136,-9,0.6,646,3.06
HO2506-P-2450                 ,0.8,1,0.4,0.8,0,547,7,0.8,536,3.906
HO2506-P-2475                 ,0.6,1.2,0.4,1,0,237,-13,1,619,4.192
HO2506-P-2500                 ,1,1.6,0.4,1.2,0.2,1234,-90,1.2,1830,17.608
HO2506-P-2550                 ,1.4,2.8,0.8,1.8,-0.2,1007,-44,1.8,1475,23.396
HO2506-P-2600                 ,5.4,7.8,2.2,3.8,-1.8,2310,114,3.8,5767,243.034
HO2506-P-2650                 ,12.6,22,7.2,12,-3.4,2278,134,12,14274,1794.772
HO2506-P-2700                 ,35.2,55,24.8,41.8,0.6,2261,123,42.6,14953,5692.398
HO2506-P-2750                 ,79.2,98.8,61.2,87,6.6,1407,-1,87,3297,2610.864
HO2506-P-2800                 ,126.4,145.6,109.2,135.6,4.8,532,-44,136.4,358,459.83
HO2506-P-2850                 ,176.6,194,157,186.8,9.6,72,3,185.6,155,271.23
HO2506-P-2900                 ,224.4,242.6,218.2,239.6,9.6,218,1,235.4,34,76.91
HO2506-P-2950                 ,275,288.8,264.4,264.4,-17.4,39,6,285,25,69.35
HO2506-P-3000                 ,326.4,338.8,323.8,338.8,11.6,131,2,334.8,14,45.844
HO2506-P-3050                 ,375.4,375.4,375.4,375.4,8.4,11,6,384.4,6,22.524
HO2506-P-3100                 ,406.8,406.8,406.8,406.8,-10.2,66,-2,434.4,4,16.908
HO2506-P-3200                 ,521.6,521.6,521.6,521.6,-1,127,0,534.8,2,10.432
HO2507-C-2350                 ,307.6,307.6,280,280.2,-15.8,17,4,279.4,19,56.026
HO2507-C-2375                 ,278.4,282.8,257.4,257.4,-12.4,29,-6,255,25,68.616
HO2507-C-2400                 ,247.8,265.4,236,256.4,0.6,38,4,231.8,28,70.088
HO2507-C-2425                 ,228.6,234.2,210.8,230.2,7.4,18,2,207.8,21,47.404
HO2507-C-2450                 ,205.6,210.6,181.6,181.6,-17.4,59,9,183.8,31,63.106
HO2507-C-2475                 ,179.8,186.8,157.4,184.4,10,20,2,160.6,12,21.246
HO2507-C-2500                 ,160.2,169.8,133,137,-16.4,222,13,138.8,93,137.616
HO2507-C-2550                 ,111.8,127,96.8,97,-19.6,100,33,95.8,167,180.684
HO2507-C-2600                 ,73.4,90.2,58.8,60,-13.4,424,292,60,722,511.532
HO2507-C-2650                 ,50.4,56.8,35,35.6,-10.4,616,242,36.2,1885,843.328
HO2507-C-2700                 ,30.8,35.4,20.8,21.6,-6.4,1479,1019,21.6,2697,706.064
HO2507-C-2750                 ,17.2,21.8,12,13,-3.8,731,346,13,1668,272.57
HO2507-C-2800                 ,10.8,14,7.4,7.6,-3,1543,644,8,1996,208.208
HO2507-C-2850                 ,7.6,8.8,5,5.2,-2.4,756,133,5.2,471,33.344
HO2507-C-2900                 ,5.6,6.4,3.4,4.2,-0.8,392,64,3.8,296,14.138
HO2507-C-2950                 ,4.6,5,3,3,-1.2,353,14,3,69,2.95
HO2507-C-3000                 ,3.8,4.4,2.8,2.8,-1,301,48,2.6,155,5.47
HO2507-C-3050                 ,4,10,2.4,2.8,-0.4,757,300,2.6,761,27.656
HO2507-P-2350                 ,2.2,2.2,1.6,2.2,0,215,57,2,80,1.55
HO2507-P-2375                 ,2.8,2.8,1.8,2.4,0.2,86,30,2.2,53,1.2
HO2507-P-2400                 ,2.6,3,2.2,3,0,65,15,2.8,88,2.21
HO2507-P-2425                 ,3.2,4,3,4,0,101,29,3.6,105,3.512
HO2507-P-2450                 ,5.2,5.4,3.2,5.2,0.4,267,-10,5,136,6.094
HO2507-P-2475                 ,6,6.8,4.2,6.6,0.2,360,5,6.6,131,7.622
HO2507-P-2500                 ,8.6,9.4,3.8,8.6,-0.2,781,491,8.6,896,74.056
HO2507-P-2550                 ,14.4,18.6,11,18.2,2.6,329,50,18.2,465,68.226
HO2507-P-2600                 ,27,35.4,21,34.4,4.6,408,154,32,717,201.37
HO2507-P-2650                 ,48.6,62.2,39.6,58.6,7.2,363,153,58.6,921,460.6
HO2507-P-2700                 ,81.8,97,68,95,10.4,383,121,95,519,426.304
HO2507-P-2750                 ,114.8,136.4,105.8,136.4,12.4,127,19,133.8,89,106.664
HO2507-P-2800                 ,154.8,182,144.2,180.4,15.6,218,41,180.4,114,191.994
HO2507-P-2850                 ,207,230.4,200.2,226.8,19,101,18,225.4,39,83.99
HO2507-P-2900                 ,259.8,275.4,249,275.4,21.4,98,4,274.8,9,23.836
HO2507-P-2950                 ,301.4,325.8,296.6,325.8,23.4,101,20,323.6,31,96.42
HO2507-P-3000                 ,352.4,375,337.8,375,18.2,125,41,376.2,73,262.768
HO2507-P-3050                 ,400.4,421.2,385.4,420.8,10.6,142,88,426.2,125,504.452
HO2508-C-2400                 ,null,null,null,254.4,0,0,0,234.2,0,0
HO2508-C-2425                 ,null,null,null,241,0,2,0,211.2,0,0
HO2508-C-2450                 ,null,null,null,213,0,2,0,189,0,0
HO2508-C-2475                 ,null,null,null,180.6,0,2,0,167.2,0,0
HO2508-C-2500                 ,146.8,170,146.8,166.8,11.6,5,0,147.8,4,6.342
HO2508-C-2550                 ,120.6,127.8,110,127.8,7.4,6,-4,106.4,14,16.384
HO2508-C-2600                 ,90.4,101.8,78,78,-13,46,3,78,104,95.014
HO2508-C-2650                 ,63.4,69.6,53,54.2,-11,77,38,54.2,75,47.536
HO2508-C-2700                 ,44.2,48.4,36,38.4,-7.6,44,-9,38,85,37.5
HO2508-C-2750                 ,31.6,34.2,26,26,-5,95,20,26.8,34,9.982
HO2508-C-2800                 ,22.4,25.4,19.4,19.6,-2.8,191,85,20.2,240,53.924
HO2508-C-2850                 ,17.2,18.4,16.2,16.2,-2.4,124,3,16.6,12,2.068
HO2508-C-2900                 ,14.4,15.4,11.8,13.8,-0.8,46,32,13,70,9.662
HO2508-C-2950                 ,11,11.6,9.2,10.8,-1.4,85,-2,10.6,64,6.866
HO2508-C-3000                 ,8.8,9.4,7.4,9.4,-1,30,5,9,23,2.026
HO2508-C-3050                 ,7.6,9.2,6.6,8,-0.6,125,61,7.8,136,10.962
HO2508-P-2400                 ,8.4,9.8,8.4,9,-0.2,34,22,9,99,8.84
HO2508-P-2425                 ,10,12,9.4,11.8,0.8,25,6,11.6,52,5.724
HO2508-P-2450                 ,12.4,15,10.8,13.2,-0.4,78,34,13.8,80,9.81
HO2508-P-2475                 ,15,17.8,14,17.6,2.4,31,13,17.6,44,7.264
HO2508-P-2500                 ,18.8,24.6,16.6,22,2,117,44,21.8,203,40.712
HO2508-P-2550                 ,27.6,34.2,24.8,34.2,5.4,106,88,32.6,151,44.128
HO2508-P-2600                 ,45.2,53.6,41.6,53.6,8.4,78,32,51.6,101,45.952
HO2508-P-2650                 ,69.4,79.2,59,79.2,12.6,44,28,78,65,43.162
HO2508-P-2700                 ,100,115,88.4,114.4,11.6,48,12,113,36,36.224
HO2508-P-2750                 ,133.4,133.4,132.6,132.6,2.2,24,0,151,7,9.138
HO2508-P-2800                 ,173.6,181,171.8,174.2,0.6,18,-8,194,37,64.976
HO2508-P-2850                 ,225.4,239,223.8,223.8,10.2,8,-1,239.2,6,13.448
HO2508-P-2900                 ,287.4,287.4,285,285,53.2,7,6,285.4,6,17.172
HO2508-P-2950                 ,null,null,null,272.2,0,1,0,333,0,0
HO2508-P-3000                 ,380.8,380.8,380.8,380.8,12.6,5,3,380.6,3,11.424
HO2508-P-3050                 ,null,null,null,416.2,0,0,0,429.4,0,0
HO2509-C-2000                 ,632,632,621.8,628,-12,52,0,621.6,6,37.81
HO2509-C-2050                 ,null,null,null,648,0,21,0,572.2,0,0
HO2509-C-2100                 ,null,null,null,538.6,0,10,0,525.4,0,0
HO2509-C-2150                 ,null,null,null,490.8,0,10,0,476.6,0,0
HO2509-C-2200                 ,446,450.8,427.8,429.2,-18.2,63,3,428.2,27,118.618
HO2509-C-2250                 ,null,null,null,406.6,0,15,0,381,0,0
HO2509-C-2300                 ,354.2,365,332.8,334.6,-16.4,38,3,333.8,25,86.054
HO2509-C-2350                 ,null,null,null,352.4,0,23,0,287.6,0,0
HO2509-C-2400                 ,267,267,242.2,242.2,-16.6,117,-4,243.8,32,81.314
HO2509-C-2450                 ,218,218,218,218,11.8,57,-2,200.4,2,4.36
HO2509-C-2500                 ,175,194.2,158,159,-16,163,32,161,79,141.336
HO2509-C-2600                 ,108.2,117.4,91.8,96.6,-8.6,461,0,97.2,164,175.77
HO2509-C-2700                 ,63.4,70,54.6,55.8,-4.8,786,152,55.8,466,289.966
HO2509-C-2800                 ,34.8,41.2,32.4,33.8,-2.2,655,60,34.2,222,79.09
HO2509-C-2900                 ,21.8,26.4,20.8,21.6,-0.4,1080,144,21.6,319,72.514
HO2509-C-3000                 ,16.2,18.6,16,16,0.2,401,46,15.8,90,15.112
HO2509-C-3100                 ,13.2,14.4,12.4,12.4,1,306,4,12.8,12,1.614
HO2509-C-3200                 ,10.4,12.8,9.8,10.6,0.8,1491,79,10.6,387,42.296
HO2509-P-2000                 ,3,3.6,3,3.4,1,393,-4,3.4,32,1.032
HO2509-P-2050                 ,3.2,4.2,3.2,4.2,1,108,-5,4,16,0.59
HO2509-P-2100                 ,4,5,4,5,1.4,161,-2,4.8,23,0.966
HO2509-P-2150                 ,19.8,19.8,5,6.6,1.8,306,71,6,111,7.26
HO2509-P-2200                 ,5.8,7.6,5.8,7.4,1.4,283,30,7.4,92,6.278
HO2509-P-2250                 ,7.6,9.2,7.4,9.2,2.2,173,-1,9.2,41,3.136
HO2509-P-2300                 ,9.6,11.6,9,11.2,2.2,198,60,11.2,122,12.592
HO2509-P-2350                 ,13.4,15.8,12.2,15.4,2.8,104,13,15.6,50,7.194
HO2509-P-2400                 ,17.6,20.6,16.4,20.6,3.4,240,-11,20.4,55,10.048
HO2509-P-2450                 ,23.2,28.4,22,26.6,3.2,152,17,27.2,40,9.938
HO2509-P-2500                 ,32.2,38.4,29.2,37.6,5.6,382,10,38,133,44.218
HO2509-P-2600                 ,65,73.4,56.2,72,8,381,-30,73.8,167,109.67
HO2509-P-2700                 ,119.8,134.6,110,131.6,12.6,394,-3,133.4,108,129.402
HO2509-P-2800                 ,192.2,210.6,186.2,207.8,14.2,243,27,211.8,38,74.43
HO2509-P-2900                 ,269.2,280.2,261,261,-16.6,166,5,300.6,18,48.64
HO2509-P-3000                 ,371.6,371.6,371.6,371.6,36,108,0,389.8,1,3.716
HO2509-P-3100                 ,469,469,461,461,9.4,58,0,485.4,2,9.3
HO2509-P-3200                 ,556.6,587,540.6,585.4,26,154,-5,581,31,174.954
HO2512-C-2250                 ,null,null,null,398.2,0,41,0,383.8,0,0
HO2512-C-2300                 ,null,null,null,346.6,0,41,0,339.6,0,0
HO2512-C-2350                 ,null,null,null,305.4,0,28,0,296.8,0,0
HO2512-C-2400                 ,276,285.2,276,285.2,25.6,37,-2,255.8,3,8.372
HO2512-C-2450                 ,null,null,null,240.2,0,27,0,219.4,0,0
HO2512-C-2500                 ,198,205,198,200,3.8,59,-5,185.2,14,28.282
HO2512-C-2600                 ,139,149,139,142.8,-3.2,369,-2,130,14,19.874
HO2512-C-2700                 ,98.8,107.8,89.2,91.2,-0.4,201,7,90.8,23,22.73
HO2512-C-2800                 ,63.2,70,62.2,66.8,2.2,255,36,65.2,110,74.348
HO2512-C-2900                 ,47.2,50,44.6,47.2,3.4,308,18,47.4,64,30.864
HO2512-C-3000                 ,34,39.2,32.4,38.2,4.2,475,1,37.2,59,21.478
HO2512-C-3100                 ,24.6,29.8,24.4,29.4,5.2,235,-14,29.4,67,18.188
HO2512-P-2250                 ,12,16.8,12,16.8,4.6,199,1,16.8,25,3.646
HO2512-P-2300                 ,16.4,21,16.4,21,4.6,148,8,21.6,20,3.726
HO2512-P-2350                 ,22,25.2,22,25.2,2.2,119,2,28,5,1.166
HO2512-P-2400                 ,33,36,32,35.6,4.8,193,11,37.2,21,7.018
HO2512-P-2450                 ,41.6,51,41.6,50,7.8,76,-3,49,15,7.062
HO2512-P-2500                 ,55.4,66,53,66,9.4,309,29,66,59,35.144
HO2512-P-2600                 ,97.8,107,94.2,107,9.2,432,4,109.2,21,20.76
HO2512-P-2700                 ,157,166.6,157,166.6,14.2,121,-4,167.4,8,13.098
HO2512-P-2800                 ,230.4,239,218.2,239,21.8,110,-5,240.4,16,36.042
HO2512-P-2900                 ,null,null,null,304.8,0,32,0,322.6,0,0
HO2512-P-3000                 ,null,null,null,396.8,0,31,0,409.8,0,0
HO2512-P-3100                 ,465.4,465.4,465.4,465.4,-21.4,18,1,504.6,1,4.654
HO2603-C-2250                 ,420,420,420,420,17,9,0,393.4,1,4.2
HO2603-C-2300                 ,348,348,348,348,-7.2,7,1,352.2,1,3.48
HO2603-C-2350                 ,341,341,329,329,-2.8,9,-1,313,3,9.99
HO2603-C-2400                 ,290.8,290.8,290.8,290.8,4.2,26,0,274.4,2,5.816
HO2603-C-2450                 ,244,265.2,244,255.2,7.4,27,-1,241.6,23,57.688
HO2603-C-2500                 ,204.4,229,204.4,215,-2.2,88,-4,210.6,38,81.958
HO2603-C-2600                 ,161.4,169.4,153,158,-2.2,108,10,158,17,27.46
HO2603-C-2700                 ,119.6,129.6,114,120,0.4,158,-5,117.4,38,46.61
HO2603-C-2800                 ,91.6,94,89.2,89.2,3,229,3,88,41,37.226
HO2603-C-2900                 ,64.2,70.6,63.2,70.6,7.4,58,-3,66.6,17,11.522
HO2603-C-3000                 ,51,56.8,49.6,54,3.6,232,-33,52.2,45,23.986
HO2603-C-3100                 ,41.8,45.4,39.2,41,2.4,33,10,41.4,44,18.4
HO2603-P-2250                 ,25.6,29.6,24.2,29.6,3.2,82,-4,28.6,30,7.776
HO2603-P-2300                 ,null,null,null,33.6,0,43,0,37,0,0
HO2603-P-2350                 ,40.2,41.6,40.2,41.6,0.8,64,1,46.6,3,1.228
HO2603-P-2400                 ,52.4,58.4,50,56.4,3.2,177,2,58.4,33,17.776
HO2603-P-2450                 ,63.4,73,63.4,73,7.8,97,1,73.6,7,4.944
HO2603-P-2500                 ,82.2,87.8,78.4,87.8,5.8,110,6,91.8,44,36.814
HO2603-P-2600                 ,126.6,139.6,120.4,139.6,14.4,236,2,139.6,64,82.738
HO2603-P-2700                 ,180.2,193.4,172.2,188.6,7.6,62,2,194.2,27,50.052
HO2603-P-2800                 ,241.2,259,237.8,259,15.2,91,3,267.4,23,57.8
HO2603-P-2900                 ,321.8,322,317.2,322,1.2,69,0,346,16,50.972
HO2603-P-3000                 ,402,423.2,399.8,423.2,23.2,12,-4,423,13,53.52
HO2603-P-3100                 ,488.8,488.8,488.8,488.8,-6.2,15,0,509.8,1,4.888
小计,,,,,,74313,6751,,137493,36692.688
IC2506                        ,5739.8,5801,5685.6,5729,3.6,81891,-12822,5729.8,239798,27594488.44
IC2507                        ,5670.2,5730.6,5617,5648.8,-6.2,26603,13821,5653.2,41800,4748344.16
IC2509                        ,5546.8,5624.8,5506.6,5542,6.8,71902,7210,5544,84386,9402271.064
IC2512                        ,5430,5501.6,5385,5419.2,11.4,40444,4739,5417.8,32455,3535531.996
小计,,,,,,220840,12948,,398439,45280635.66
IF2506                        ,3862,3902.6,3830,3856.4,1,104348,-6636,3855.2,303417,35206651.614
IF2507                        ,3830.6,3863.8,3793,3813,-5,26566,10694,3811.8,37853,4348379.958
IF2509                        ,3790,3834.2,3763.8,3784,0.6,92383,11615,3783,111601,12720349.482
IF2512                        ,3754.8,3807.4,3735,3752.4,6.4,27030,7083,3751.6,31021,3508437.21
小计,,,,,,250327,22756,,483892,55783818.264
IH2506                        ,2676.8,2697.4,2653.2,2665.2,-8.4,44411,-330,2665.6,167553,13444421.19
IH2507                        ,2645.8,2666.4,2619.8,2626,-16.8,8839,4809,2626,18352,1454050.56
IH2509                        ,2639.8,2660,2615.2,2620.2,-16.2,28966,4277,2620.6,56432,4464488.466
IH2512                        ,2639.2,2659.8,2615,2616.2,-19.2,5881,897,2619.6,10327,816773.256
小计,,,,,,88097,9653,,252664,20179733.472
IM2506                        ,6120,6196.6,6060,6084.2,-16,141736,-12821,6083.6,570787,70031697.096
IM2507                        ,6037,6102.4,5964.4,5989,-17.2,33689,15712,5987,61149,7385593.136
IM2509                        ,5851,5945,5802.8,5826.2,-14.6,103234,11771,5825.6,219446,25795115.044
IM2512                        ,5675,5772,5625,5650,-11,58385,7779,5648.2,75307,8590671.164
小计,,,,,,337044,22441,,926689,111803076.44
IO2506-C-2800                 ,1074.6,1084,1035.4,1052.4,2.2,81,1,1055.6,34,361.614
IO2506-C-2900                 ,956.6,984.2,935.4,961.4,0.4,59,-4,955.4,25,240.18
IO2506-C-3000                 ,872,892.6,842.4,885.6,38.8,78,-18,855.2,45,391.026
IO2506-C-3100                 ,768.8,798.4,754.4,754.4,6,171,-1,755.2,27,211.626
IO2506-C-3200                 ,659.4,699.2,632.8,680,25.4,470,-2,655.2,34,226.83
IO2506-C-3250                 ,622.2,622.2,610,610,16,21,3,605.2,11,67.55
IO2506-C-3300                 ,560.6,600,536,570.2,14.2,604,-6,555.2,42,237.4
IO2506-C-3350                 ,507.4,534.8,494.6,494.6,-22.2,23,-1,505.2,21,107.182
IO2506-C-3400                 ,460.2,496.8,438,459,2.8,495,-21,455.2,237,1108.194
IO2506-C-3450                 ,410.6,447.2,391,438.4,31.6,69,-12,405.2,97,405.852
IO2506-C-3500                 ,367,400.2,333.6,359.4,4.8,375,-45,355.4,243,899.578
IO2506-C-3550                 ,310.8,346.8,288.8,294.2,-7.4,81,-1,305.6,106,330.798
IO2506-C-3600                 ,264.4,300.2,238,252.6,-3.6,493,-44,256,280,749.658
IO2506-C-3650                 ,211.8,247.8,188,203,-7.4,217,-42,206.8,222,481.514
IO2506-C-3700                 ,163.6,203,136.2,154.6,-7.4,1083,-177,157.6,1277,2151.578
IO2506-C-3750                 ,125.8,154,91.8,111.8,-3.8,929,-255,111.8,2814,3438.93
IO2506-C-3800                 ,78.2,108,53,65,-9,2608,-494,65,18611,14428.816
IO2506-C-3850                 ,45,66.6,25.4,30.4,-10.8,6183,1127,30.4,41403,17633.482
IO2506-C-3900                 ,23,35.8,10.4,11.8,-9.6,10871,2100,11.8,50127,10668.888
IO2506-C-3950                 ,11.6,17.8,4.2,4.4,-5.8,6016,403,4.4,20082,1935.498
IO2506-C-4000                 ,6.4,9.2,2,2.4,-3.4,9353,-729,2.4,16879,865.59
IO2506-C-4050                 ,3.6,5.2,1.2,1.6,-1.6,2619,-70,1.6,4489,119.198
IO2506-C-4100                 ,2.4,3.2,0.6,0.8,-1.2,4333,-320,0.8,4188,66.446
IO2506-C-4150                 ,2,2.2,0.6,0.8,-0.8,711,-37,0.6,1495,19.282
IO2506-C-4200                 ,2,2.2,0.6,0.8,-0.8,2697,-141,0.6,1966,24.058
IO2506-C-4250                 ,1.6,1.6,0.4,0.6,-0.6,723,-47,0.6,1418,13.528
IO2506-C-4300                 ,1,1.6,0.4,0.6,-0.6,1862,-288,0.4,1602,14.968
IO2506-C-4350                 ,1,1.2,0.4,0.4,-0.6,373,-80,0.4,1552,10.93
IO2506-C-4400                 ,1,1.4,0.2,0.2,-0.8,1067,-825,0.4,2878,19.688
IO2506-C-4500                 ,0.8,1.2,0.4,0.6,-0.2,1034,-135,0.4,1798,12.358
IO2506-C-4600                 ,1,1.2,0.4,0.6,-0.2,1361,49,0.4,1859,13.172
IO2506-C-4700                 ,0.6,1,0.2,0.4,-0.4,3245,-489,0.2,2646,16.298
IO2506-P-2800                 ,0.4,0.4,0.2,0.4,0.2,451,-43,0.2,162,0.6
IO2506-P-2900                 ,0.2,0.4,0.2,0.4,0,321,-40,0.2,160,0.478
IO2506-P-3000                 ,0.4,0.4,0.2,0.4,0,538,-66,0.2,289,0.808
IO2506-P-3100                 ,0.4,0.4,0.2,0.4,0,493,-144,0.2,333,0.832
IO2506-P-3200                 ,0.2,0.4,0.2,0.4,0,710,-118,0.2,611,1.254
IO2506-P-3250                 ,0.4,0.4,0.2,0.4,0,255,-44,0.2,119,0.286
IO2506-P-3300                 ,0.4,0.8,0.2,0.4,-0.2,851,-112,0.4,835,3.354
IO2506-P-3350                 ,0.8,0.8,0.2,0.6,0,346,-82,0.6,575,2.672
IO2506-P-3400                 ,0.6,1,0.2,0.8,0,1371,-121,0.8,1486,8.236
IO2506-P-3450                 ,1.2,1.2,0.4,0.8,-0.2,897,-90,0.8,1284,8.208
IO2506-P-3500                 ,1,1.2,0.4,0.8,-0.4,1168,-185,0.8,1366,10.494
IO2506-P-3550                 ,1.4,1.4,0.2,0.8,-0.2,839,-113,0.8,1641,12.152
IO2506-P-3600                 ,1.2,2,0.4,1,-0.4,2132,-481,1,2844,28.41
IO2506-P-3650                 ,1.8,3,0.4,1.6,-0.8,1577,-590,1.6,3099,39.72
IO2506-P-3700                 ,3.2,5.8,1,2.4,-2.2,2742,-803,2.4,5592,156.582
IO2506-P-3750                 ,7,10.8,2.2,4.8,-3.2,2633,-142,4.8,8547,470.222
IO2506-P-3800                 ,15,22.4,5.6,10.4,-6.2,5631,-1029,10.4,20429,2305.994
IO2506-P-3850                 ,30.4,44.6,13.8,25.4,-8.8,6000,199,25.4,31443,7896.726
IO2506-P-3900                 ,59.8,80,32.4,55.2,-7.4,8922,2269,55.2,27453,13647.864
IO2506-P-3950                 ,96.6,124,65,101.8,-2.6,1303,154,101.8,3887,3379.39
IO2506-P-4000                 ,141.6,171.8,105.8,148.8,1,1288,-56,147.8,1566,2101.548
IO2506-P-4050                 ,192.4,216.4,152.8,199.8,-2.2,298,-25,196.8,371,674.372
IO2506-P-4100                 ,236.2,265.2,203,239,-9,601,-1,245.4,212,492.392
IO2506-P-4150                 ,289.8,315.6,251.8,291.8,-3,62,-13,295,126,357.298
IO2506-P-4200                 ,341,358,302.4,345.6,-4.2,729,8,344.8,86,281.564
IO2506-P-4250                 ,384.2,412.8,354.2,408,9,48,4,394.8,93,357.668
IO2506-P-4300                 ,440.6,461.6,402.2,444,-0.6,551,5,444.8,112,481.078
IO2506-P-4350                 ,478.8,517.2,455.8,465.4,-44.2,29,5,494.6,31,152.186
IO2506-P-4400                 ,534,567.4,503.4,515.6,-32.4,259,1,544.6,52,279.08
IO2506-P-4500                 ,640.2,662.2,640.2,643.8,-7.8,79,2,644.8,8,51.852
IO2506-P-4600                 ,726.2,726.2,726.2,726.2,-33,65,-2,744.8,4,29.456
IO2506-P-4700                 ,821.4,862.2,804.4,847.8,-1.8,159,-14,845,47,392.736
IO2507-C-3350                 ,515.4,515.4,464,469.6,8,20,3,466,6,28.76
IO2507-C-3400                 ,436.8,454.4,419.4,420.6,15.8,19,0,417.2,18,77.418
IO2507-C-3450                 ,393.4,417,368.6,368.6,3.4,40,1,368.6,7,26.956
IO2507-C-3500                 ,339.4,364,308.8,314.4,-7.2,376,7,320.8,37,123.32
IO2507-C-3550                 ,287.8,321,260.2,273,-7,129,8,273.6,24,70.722
IO2507-C-3600                 ,245.4,274.8,211.4,226,-4.8,320,9,226,170,406.738
IO2507-C-3650                 ,200.6,227,170.8,181.2,-2.4,66,7,183.4,97,191.268
IO2507-C-3700                 ,154.8,184,128,141.4,-6.4,396,89,141.4,611,944.948
IO2507-C-3750                 ,114.4,143,93,104.8,-4,426,158,104.8,476,548.874
IO2507-C-3800                 ,83.2,107.4,65,76.6,-5,1678,846,76.6,4473,3744.084
IO2507-C-3850                 ,60.4,77.4,44.4,52.6,-3.2,1266,521,52.6,3949,2340.66
IO2507-C-3900                 ,41,55,30.2,36.2,-3.4,2460,1453,36.2,6080,2468.204
IO2507-C-3950                 ,27,38.4,20.2,23.8,-3.6,1130,578,23.8,2721,748.786
IO2507-C-4000                 ,20.6,26.4,13.6,16,-3.2,2801,1337,16,5007,979.084
IO2507-C-4050                 ,14.8,19.6,9.6,11,-3,1156,480,11,1683,229.616
IO2507-C-4100                 ,11,15,7.2,8.4,-2.4,1237,411,8.4,2432,264.788
IO2507-C-4150                 ,8.2,11.6,5.8,7,-1.2,1006,269,7,950,84.806
IO2507-C-4200                 ,6.8,9.6,4.4,5.6,-1.2,809,213,5.4,1129,78.814
IO2507-C-4250                 ,6.6,7.4,3.4,4.6,-0.6,338,134,4.4,336,18.184
IO2507-C-4300                 ,5,6.2,3.2,4,-0.8,535,282,4,732,35.332
IO2507-C-4350                 ,4.8,5.8,2.8,3.8,-0.6,830,108,3.8,768,35.552
IO2507-P-3350                 ,2.8,3.4,1.8,3.4,0.4,220,43,3.4,339,8.32
IO2507-P-3400                 ,3.2,4.4,2.4,4.2,0.6,188,-10,4.2,423,14.342
IO2507-P-3450                 ,4.6,5.6,3.2,5.2,0.2,159,27,5.2,170,7.122
IO2507-P-3500                 ,7,7.8,4.4,7.2,0.2,614,142,7.2,820,47.56
IO2507-P-3550                 ,9.6,10.8,6.2,10,0.6,362,36,10,225,18.846
IO2507-P-3600                 ,13,15.8,8.8,13.8,0.6,1245,686,13.8,1594,180.484
IO2507-P-3650                 ,18,22.8,13,20.4,2,1025,513,19.8,1997,347.804
IO2507-P-3700                 ,26,32.4,18.4,29.2,2.2,1002,444,28.8,1606,392.598
IO2507-P-3750                 ,37.6,47.6,27,42.2,2.4,908,335,42.2,1717,617.164
IO2507-P-3800                 ,54.6,69,40.8,62.8,1.2,1124,496,61.6,2415,1300.062
IO2507-P-3850                 ,80,97.6,61,87.8,4,1183,725,87.8,3140,2452.812
IO2507-P-3900                 ,111,131.8,87.4,122.4,5.4,1014,566,122.4,1962,2126.24
IO2507-P-3950                 ,147.8,170.2,121.4,161.6,1.4,146,58,159.4,311,449.464
IO2507-P-4000                 ,188,215.4,161.4,201.2,-1.8,287,122,201.8,445,824.556
IO2507-P-4050                 ,228.8,256.2,212,240.2,-5.8,68,2,246.8,67,157.996
IO2507-P-4100                 ,278,307.6,250.2,288,-2.2,129,58,293.8,100,277.848
IO2507-P-4150                 ,318.6,330,297,313.4,-33.4,46,12,341.6,31,99.6
IO2507-P-4200                 ,378.4,389,344.4,389,-11,58,17,389.8,47,173.364
IO2507-P-4250                 ,414.4,452.2,392.4,451.6,15.6,28,12,438.6,31,133.052
IO2507-P-4300                 ,471.4,500,442.8,485,16,22,18,487.6,44,207.854
IO2507-P-4350                 ,546.2,546.2,503.4,533,-9.6,38,32,541.4,42,217.594
IO2508-C-3450                 ,404.6,404.6,404.6,404.6,40.8,0,-2,367.6,4,15.288
IO2508-C-3500                 ,null,null,null,326.8,0,89,0,322.2,0,0
IO2508-C-3550                 ,null,null,null,283,0,9,0,277.2,0,0
IO2508-C-3600                 ,239.6,256,239.6,256,26.2,3,-3,234.6,10,25.46
IO2508-C-3650                 ,185.4,230,185.4,191.2,6.2,15,1,195,16,33.048
IO2508-C-3700                 ,155,183,155,175,19,20,0,157.6,15,25.47
IO2508-C-3750                 ,132,156.6,118.2,123.2,-9.8,26,7,125,29,38.118
IO2508-C-3800                 ,96.2,122,84.4,96.8,0.8,57,-24,97.6,245,253.734
IO2508-C-3850                 ,75.4,97.8,66.4,73,-6.2,248,124,75.6,243,198.194
IO2508-C-3900                 ,60,75,51.4,59.2,0.2,189,159,58.2,304,185.274
IO2508-C-3950                 ,49.8,57.2,38.2,43,-6.2,183,48,45.2,301,147.342
IO2508-C-4000                 ,37,44.4,30.2,34.2,-0.8,429,89,34.8,431,166.656
IO2508-C-4050                 ,30.8,36,25.8,28.8,-1,203,170,28.4,197,61.812
IO2508-C-4100                 ,28.8,28.8,19.6,22.4,-1.8,77,21,22.4,82,20.06
IO2508-C-4150                 ,21.2,23.6,18,19,-1.8,36,11,19.4,50,10.03
IO2508-C-4200                 ,18.4,20.2,14.6,16.6,-0.6,103,54,16.6,116,20.83
IO2508-C-4250                 ,16.4,18.4,12.6,13.6,-2.2,547,130,13.6,287,47.642
IO2508-C-4300                 ,13.4,16,10.4,11.8,-2,50,10,11.8,30,3.814
IO2508-C-4350                 ,13.4,14.2,9,10,-2.2,128,48,10,103,11.586
IO2508-P-3450                 ,14.6,16,11,15.8,-0.6,107,-2,15.8,107,14.068
IO2508-P-3500                 ,19.8,19.8,14.4,19,-2,80,2,19.8,97,16.282
IO2508-P-3550                 ,23.4,25,18.4,25,-1,35,20,24.6,42,8.974
IO2508-P-3600                 ,29,33.6,22.4,32.2,0.6,198,67,31.8,223,60.012
IO2508-P-3650                 ,37.2,42.8,30.2,41,-2,109,19,41.4,222,83.502
IO2508-P-3700                 ,51.8,56.6,40.8,54.2,0,132,109,54.2,268,128.338
IO2508-P-3750                 ,65.8,75.8,52,72.2,-2.4,96,-13,71.8,319,195.206
IO2508-P-3800                 ,81.8,98,69.6,93.8,7.8,132,56,94.2,255,203.184
IO2508-P-3850                 ,115.2,129.2,92.4,123.2,6.4,128,30,121.8,113,124.174
IO2508-P-3900                 ,144.4,159.4,118.6,133.8,-18.8,62,38,154.4,92,128.184
IO2508-P-3950                 ,155.2,172.8,155.2,168.8,-14.2,33,17,191,23,39.184
IO2508-P-4000                 ,219,220.4,194.2,207.4,-24.8,18,4,231.2,24,51.958
IO2508-P-4050                 ,null,null,null,298.6,0,4,0,273.2,0,0
IO2508-P-4100                 ,306.6,306.6,305.2,306.2,-13.2,42,5,318.4,19,58.588
IO2508-P-4150                 ,null,null,null,378.8,0,5,0,364.2,0,0
IO2508-P-4200                 ,null,null,null,442.4,0,35,0,411.2,0,0
IO2508-P-4250                 ,null,null,null,457.6,0,5,0,458.4,0,0
IO2508-P-4300                 ,null,null,null,521,0,2,0,506.2,0,0
IO2508-P-4350                 ,null,null,null,536.8,0,0,0,555.4,0,0
IO2509-C-2800                 ,994,1009.6,973,985,-4,247,-35,985.4,75,744.068
IO2509-C-2900                 ,918.6,918.6,886.4,886.4,-1,127,-1,885.8,11,99.442
IO2509-C-3000                 ,813,813,787,787,8,122,-1,787.8,5,40.342
IO2509-C-3100                 ,687,690.8,687,689.2,1.2,89,-1,690.6,15,103.47
IO2509-C-3200                 ,595,595,593,593,-1.8,161,-3,594.2,10,59.68
IO2509-C-3300                 ,494.8,542.4,494.8,498.4,3.4,175,-13,504.4,23,116.898
IO2509-C-3400                 ,432.2,454.6,382.6,411.4,8.4,184,4,408.6,30,124.386
IO2509-C-3500                 ,340.4,358.4,309.8,322,2.4,478,-3,326.8,70,235.034
IO2509-C-3600                 ,255,279,226.8,243.8,4.8,708,-6,240.6,106,266.462
IO2509-C-3700                 ,176,203,163.8,172.8,1,644,-4,172.8,387,708.94
IO2509-C-3800                 ,126.2,142.6,108.6,118.6,0.4,1435,-58,119.8,423,520.624
IO2509-C-3900                 ,82.6,97.6,73,80.6,0.6,1832,97,80.6,1484,1264.748
IO2509-C-4000                 ,57.6,67,49.2,54.4,-0.6,3841,460,55.4,2876,1666.774
IO2509-C-4100                 ,40,46.4,34.4,37.8,0.4,2617,308,38,739,296.49
IO2509-C-4200                 ,29.8,33.8,24.8,27,-1.8,3129,183,27,994,291.144
IO2509-C-4300                 ,22.6,26.4,19,21.2,0.2,1801,-4,21,232,51.57
IO2509-C-4400                 ,16.8,21,14.8,17.2,-0.6,994,-14,16.4,249,42.998
IO2509-C-4500                 ,15.8,18,12.6,13.2,-1,1521,30,13.6,228,33.646
IO2509-C-4600                 ,13.2,15,10,11.4,-0.8,1168,8,11.6,227,25.918
IO2509-C-4700                 ,11,13.2,8.6,9.6,-0.6,2156,138,9.6,1074,111.978
IO2509-P-2800                 ,3.6,3.8,3,3.8,0.2,462,21,3.8,70,2.422
IO2509-P-2900                 ,4.2,5,3.6,5,0.8,254,13,4.4,33,1.36
IO2509-P-3000                 ,5.6,6.8,4.8,6.4,0.2,576,108,6.2,172,9.632
IO2509-P-3100                 ,7,8.4,6.2,8,0.6,474,13,8,40,2.682
IO2509-P-3200                 ,9.8,11.6,8.8,10.8,0.6,623,2,10.8,64,6.452
IO2509-P-3300                 ,14.2,16.2,12.6,15.8,1,597,32,15.4,134,19.046
IO2509-P-3400                 ,20.2,23.8,18.2,23.4,1.6,540,-43,23.4,215,45.328
IO2509-P-3500                 ,32.8,37.6,27.4,35.8,1.6,603,40,35.8,188,60.392
IO2509-P-3600                 ,49.8,58,42.6,55.8,3.8,1108,47,54.6,376,187.37
IO2509-P-3700                 ,80.6,90,66.4,86.8,5.2,848,14,86.4,323,256.436
IO2509-P-3800                 ,122.8,136,103.6,129.8,1.4,1021,34,132,293,354.436
IO2509-P-3900                 ,185.4,198.4,158.8,190.2,-0.6,951,-39,193.2,173,308.578
IO2509-P-4000                 ,246.8,270.6,235.2,266.6,-3.8,690,44,265,119,304.796
IO2509-P-4100                 ,337.4,351.4,312.4,351.4,1.2,648,0,348.6,35,116.336
IO2509-P-4200                 ,418.8,437.2,416.6,436.6,-0.6,834,0,438.2,7,29.858
IO2509-P-4300                 ,509.2,509.8,508.8,509.8,-32,739,0,529.2,6,30.556
IO2509-P-4400                 ,603.6,618.8,600.8,618.8,-2.4,360,3,625.8,48,291.882
IO2509-P-4500                 ,708,719.2,708,719.2,-2.6,187,0,722.2,3,21.464
IO2509-P-4600                 ,null,null,null,842.8,0,128,0,818.6,0,0
IO2509-P-4700                 ,899.6,920.8,880,914.8,-4.6,207,11,916,29,261.27
IO2512-C-3200                 ,598.2,627.6,585.8,594.8,24.8,198,72,592.2,110,658.6
IO2512-C-3300                 ,495.6,541.4,494,503.6,20,268,1,506.6,51,263.604
IO2512-C-3400                 ,427.2,454.4,401.6,432.6,34.2,108,-9,418.8,47,201.31
IO2512-C-3500                 ,339,371.4,328.4,339.2,17.6,185,25,339.2,45,158.54
IO2512-C-3600                 ,270,299,255,266,8,670,75,270.6,174,474.516
IO2512-C-3700                 ,216.2,229.2,191,205.8,6,581,106,207,183,389.284
IO2512-C-3800                 ,153.8,180.4,145.2,158,7.4,698,17,158,212,340.43
IO2512-C-3900                 ,121,138.8,110.6,119.6,2,585,33,117.6,350,422.732
IO2512-C-4000                 ,92,104.8,84.6,91.6,1.4,1252,-253,92.2,657,614.072
IO2512-C-4100                 ,72.8,78.2,64,69.6,3,1373,-28,69.6,280,202.95
IO2512-C-4200                 ,55.6,62,50.6,56.4,4.8,1233,31,57.4,257,147.174
IO2512-C-4300                 ,44.4,50.2,41.4,45,1.6,759,13,46,86,39.636
IO2512-C-4400                 ,37.2,41.8,34.6,38.8,3.8,849,31,37.6,143,55.316
IO2512-C-4500                 ,28.4,34,28.2,31.8,3.8,798,24,31.4,303,93.2
IO2512-P-3200                 ,25.2,34.8,23.6,33.8,5.8,245,16,33.8,144,41.268
IO2512-P-3300                 ,36.6,43.6,33.2,43.4,5,730,20,43.4,195,72.52
IO2512-P-3400                 ,49.6,57.2,45.8,57.2,4.2,322,-23,56.6,247,121.49
IO2512-P-3500                 ,69.8,78,63.6,78,1.2,628,-75,76.8,197,138.942
IO2512-P-3600                 ,101,105,87.2,105,-2,669,-67,103.8,336,320.548
IO2512-P-3700                 ,141.6,141.8,121.2,139.8,-6.2,1210,101,142,284,357.822
IO2512-P-3800                 ,189.8,194.2,164.8,191.6,-6.4,491,168,191.6,280,499.296
IO2512-P-3900                 ,240.4,258.4,220,256,-0.8,197,8,253.6,93,220.516
IO2512-P-4000                 ,311.8,324.8,287.8,323.8,-3.6,421,1,324.2,38,117.026
IO2512-P-4100                 ,392,403.2,370.8,377.6,-41.4,503,35,402.2,41,155.304
IO2512-P-4200                 ,468.8,489.8,454.4,485,-8.4,481,36,486,52,240.3
IO2512-P-4300                 ,534.8,549.2,533.6,547.2,-43.2,285,9,576.2,14,75.922
IO2512-P-4400                 ,656,664.8,645,664.8,-21.6,153,2,667.6,5,32.756
IO2512-P-4500                 ,748,756.8,724,756.8,-47.2,97,14,759,14,103.842
IO2603-C-3200                 ,602.2,630,602.2,614.4,12.8,126,0,608.8,17,104.652
IO2603-C-3300                 ,519,545.4,506,545.4,33.4,40,3,526.8,20,106.794
IO2603-C-3400                 ,444.8,465.8,444.8,449.8,19.4,153,3,446.6,11,50.298
IO2603-C-3500                 ,372.2,403.6,371.6,372.2,12.2,334,-18,373,44,165.552
IO2603-C-3600                 ,313,327.6,296.2,309.2,14.4,350,0,306.4,45,140.728
IO2603-C-3700                 ,253.6,276.6,241,249.6,7.6,176,-10,252.8,74,190.168
IO2603-C-3800                 ,202.8,226,189.2,201.8,8,208,18,203.4,128,263.952
IO2603-C-3900                 ,163.4,182.2,158.2,162,5,170,-13,162.2,75,126.464
IO2603-C-4000                 ,136,146.6,121.2,128.4,2.8,280,23,128.8,59,80.018
IO2603-C-4100                 ,107.8,120.4,101,112.6,9.4,238,12,105.8,76,87.768
IO2603-C-4200                 ,87.4,96.2,80.8,87,3,279,-15,88,43,38.982
IO2603-C-4300                 ,71.8,79.8,68.6,75,4,117,-34,74.2,133,98.35
IO2603-C-4400                 ,62,69.6,55.4,63.2,2,395,-34,63.2,189,118.508
IO2603-P-3200                 ,49,54,42.8,52,1.4,408,-10,53.8,360,174.36
IO2603-P-3300                 ,64,67.6,57.8,66.4,-1.6,157,5,67,98,61.786
IO2603-P-3400                 ,80.2,86.6,77,86.6,-0.2,316,14,86.6,209,174.836
IO2603-P-3500                 ,111.8,113.8,101,111,-3.2,721,22,112.2,511,545.448
IO2603-P-3600                 ,143,143,131.8,135.6,-12,344,1,144,127,172.982
IO2603-P-3700                 ,178.4,188.6,170,187,-2.4,184,9,184.8,28,50.106
IO2603-P-3800                 ,239.4,240.6,220,231.8,-14.8,154,10,235,219,503.488
IO2603-P-3900                 ,295,296,270.6,294.4,-10.2,141,11,292.2,51,145.864
IO2603-P-4000                 ,367.2,367.2,340.6,362.2,-9.2,136,-9,361.6,46,161.834
IO2603-P-4100                 ,443.2,443.2,411.4,418.2,-23,110,0,435.4,30,126.912
IO2603-P-4200                 ,510.8,510.8,490.2,492.6,-28.6,106,-4,515.4,14,71.586
IO2603-P-4300                 ,592.6,598,592.6,598,-4.6,82,3,598.8,5,29.748
IO2603-P-4400                 ,675,695.2,660,660,-32.6,115,9,685.4,11,74.522
小计,,,,,,191300,11939,,365917,136314.36
MO2506-C-3900                 ,2198.2,2270,2167.8,2185,-21.6,152,-14,2183.8,24,528.34
MO2506-C-4000                 ,2072.4,2094,2072.4,2094,-4,108,-12,2083.8,24,508.032
MO2506-C-4100                 ,1972.4,1980.2,1972.4,1980.2,33.2,104,-6,1983.6,6,118.578
MO2506-C-4200                 ,1891.2,1891.2,1891.2,1891.2,2.4,129,-3,1884.2,6,115.794
MO2506-C-4300                 ,1875,1875,1791.8,1841.4,79.8,157,-5,1783.6,16,292.656
MO2506-C-4400                 ,1690,1690,1672.8,1672.8,64.8,218,-4,1683.6,4,67.256
MO2506-C-4500                 ,1644,1682.4,1630.2,1640.8,88,238,-7,1583.4,14,230.768
MO2506-C-4600                 ,1572.6,1572.6,1484,1484,26,222,-11,1484.4,40,613.256
MO2506-C-4700                 ,1386.6,1445,1386.6,1389.2,77,178,-8,1383.4,28,400.43
MO2506-C-4800                 ,1373.8,1373.8,1279.4,1279.4,-16.8,255,-1,1283.4,14,187.968
MO2506-C-4900                 ,1259,1288,1227.2,1284,102,129,-3,1183.6,7,87.254
MO2506-C-4950                 ,1169.6,1169.6,1169.6,1169.6,58.6,27,-1,1133.6,7,81.064
MO2506-C-5000                 ,1134.4,1182,1068.8,1083.6,-12.6,231,-37,1084.8,92,1042.234
MO2506-C-5100                 ,992.8,1041,977.8,996,11.6,55,-4,985,39,396.35
MO2506-C-5200                 ,950,981.2,870,879,-21,251,-15,885.2,58,541.04
MO2506-C-5300                 ,873.2,877.8,779.4,779.4,-15.4,166,-4,784,61,509.804
MO2506-C-5400                 ,720,784,668.4,693,7.6,358,-74,684.4,218,1573.134
MO2506-C-5500                 ,625,686,572.6,587.8,-11.2,269,-41,585,313,1999.684
MO2506-C-5600                 ,509,592.4,468.8,485,-22.8,1019,-139,486.4,1046,5601.064
MO2506-C-5700                 ,437.2,496.4,369.4,389,-21,809,-176,389,1097,4819.79
MO2506-C-5800                 ,331,399.8,275.2,292.8,-24.4,2171,-370,291.8,3605,12431.872
MO2506-C-5900                 ,238.6,303.4,184.4,199.2,-30,3135,-873,199.2,5560,13618.892
MO2506-C-6000                 ,158.2,213.6,106,116,-35.6,5316,-931,116,34185,53420.6
MO2506-C-6100                 ,96,136.6,49.2,52.2,-35.6,7758,287,52.2,92943,83489.434
MO2506-C-6200                 ,49.8,78,18,19.6,-27.2,13070,2572,19.6,123109,59098.102
MO2506-C-6300                 ,26,40.8,6,6.6,-17,8722,1757,6.6,63662,14318.852
MO2506-C-6400                 ,13.4,20.6,2.4,3.2,-9.2,7965,747,3.2,31897,3422.176
MO2506-C-6500                 ,6.4,11,1.4,1.8,-4.6,4477,-845,1.8,14741,819.912
MO2506-C-6600                 ,4.8,6.2,1.2,1.6,-2.8,4386,-664,1.6,7005,214.132
MO2506-C-6700                 ,3,3.8,0.8,1.2,-1.4,1822,-268,1.2,2653,55.398
MO2506-C-6800                 ,3,3.2,0.8,1,-1.6,2484,-721,1,2550,40.022
MO2506-C-6900                 ,2.4,2.8,1,1.2,-1,1565,-55,1,1894,28.304
MO2506-C-7000                 ,2.2,2.6,0.8,0.8,-1.2,3345,-475,0.8,2340,30.338
MO2506-C-7100                 ,2.2,2.2,0.6,0.8,-0.8,790,-75,0.6,1083,12.114
MO2506-C-7200                 ,1.4,1.6,0.4,0.4,-0.8,1970,-282,0.4,1495,11.996
MO2506-C-7400                 ,1.2,1.4,0.2,0.4,-0.6,3597,-700,0.4,2563,19.086
MO2506-P-3900                 ,0.4,0.6,0.2,0.4,-0.2,1746,-132,0.4,428,1.55
MO2506-P-4000                 ,0.4,0.6,0.2,0.4,0,720,-84,0.4,210,0.752
MO2506-P-4100                 ,0.4,0.6,0.2,0.4,-0.2,397,-39,0.4,277,1.256
MO2506-P-4200                 ,0.6,0.6,0.2,0.4,-0.4,469,-56,0.4,234,1.064
MO2506-P-4300                 ,0.6,0.6,0.4,0.4,-0.4,523,-21,0.4,296,1.522
MO2506-P-4400                 ,0.4,0.6,0.4,0.4,-0.2,416,-47,0.4,328,1.534
MO2506-P-4500                 ,0.6,0.8,0.4,0.4,-0.4,587,-85,0.4,610,3.628
MO2506-P-4600                 ,0.6,0.6,0.2,0.4,-0.2,505,-53,0.4,334,1.72
MO2506-P-4700                 ,0.8,1,0.4,0.4,-0.4,624,5,0.4,714,4.818
MO2506-P-4800                 ,0.6,1,0.4,0.4,-0.4,629,-173,0.4,908,5.594
MO2506-P-4900                 ,1,1.2,0.4,0.6,-0.4,935,-136,0.6,1191,9.746
MO2506-P-4950                 ,0.8,1.2,0.4,0.8,-0.2,459,-100,0.8,1280,10.586
MO2506-P-5000                 ,1.4,1.4,0.6,0.8,-0.4,2413,-589,0.8,2195,21.21
MO2506-P-5100                 ,1.2,1.8,0.4,0.8,-0.4,1505,-635,0.8,2174,20.798
MO2506-P-5200                 ,1.6,2.4,0.6,0.8,-1,3960,-769,0.8,3928,49.502
MO2506-P-5300                 ,2.2,2.8,0.6,1.2,-1,2914,-709,1.2,4372,64.552
MO2506-P-5400                 ,3.4,4.4,1.2,2.2,-1.4,6409,-602,2.2,6054,147.768
MO2506-P-5500                 ,3.2,5.8,1.4,2.2,-2.4,4548,-586,2.2,6258,181.73
MO2506-P-5600                 ,5,7.4,2,3,-4,6432,-691,3,9341,360.64
MO2506-P-5700                 ,9.4,10.6,2.6,4.6,-5.4,5670,-993,4.6,14869,826.948
MO2506-P-5800                 ,14,17.6,5.2,8.4,-9,9908,-2743,8.4,36613,3455.734
MO2506-P-5900                 ,28,30,9,15,-14.2,7749,89,15,42658,6880.354
MO2506-P-6000                 ,49,54.2,18.4,31.6,-18.4,8700,508,31.6,80177,24809.032
MO2506-P-6100                 ,85,98.8,38.2,67.8,-19.6,6266,298,67.8,100513,60313.332
MO2506-P-6200                 ,136.8,165.6,77,134,-12.4,3864,1257,134,70572,77079.594
MO2506-P-6300                 ,210,249,139.6,223.2,1.4,1283,453,223.2,11314,20621.102
MO2506-P-6400                 ,294.6,342.6,222.2,321.8,9.8,819,-72,317.2,1774,4778.77
MO2506-P-6500                 ,392,437.8,316.6,420.8,12,174,-8,416.4,347,1271.834
MO2506-P-6600                 ,490,530.2,413.8,525,20.8,585,22,517.8,266,1236.932
MO2506-P-6700                 ,584.2,627.8,517,621.6,20.8,75,-99,617,268,1483.218
MO2506-P-6800                 ,627.2,735,616,735,27,228,-6,716.6,20,131.568
MO2506-P-6900                 ,773.4,802.2,720.4,802.2,-4,54,-17,816.4,51,384.8
MO2506-P-7000                 ,882,923.4,815.2,903.2,4.6,192,-9,916.4,59,505.528
MO2506-P-7100                 ,981.4,1031.2,919,1026.2,-27.8,44,-15,1016.2,60,579.946
MO2506-P-7200                 ,1073.2,1073.2,1051,1055.8,-98.2,118,-6,1116.2,12,128.226
MO2506-P-7400                 ,1257,1324.8,1219,1246.8,-70.8,184,-10,1316.4,56,700.822
MO2507-C-5200                 ,852.8,876,787.2,798.8,-8.2,24,3,801.6,17,141.382
MO2507-C-5300                 ,708,709,706,706,28.8,68,35,706.8,41,290.54
MO2507-C-5400                 ,687.2,687.2,609.8,612.2,-15.8,41,2,612.4,12,78.446
MO2507-C-5500                 ,581,612,513.6,518.2,-8,150,73,520.6,129,696.684
MO2507-C-5600                 ,464.2,523.8,416.4,429,-18.2,283,40,433.4,297,1393.396
MO2507-C-5700                 ,376.2,440.8,335.2,342,-18,333,51,345.8,176,660.908
MO2507-C-5800                 ,304.2,353.8,257,270,-19.2,565,57,270,604,1836.372
MO2507-C-5900                 ,239,282.4,186.2,199.8,-24.6,691,198,198.2,1453,3333.146
MO2507-C-6000                 ,170,216,133.4,143.2,-23.6,2384,1036,143.2,5938,9982.002
MO2507-C-6100                 ,128.6,161.2,91.6,97,-23.2,1480,565,97,5539,6704.582
MO2507-C-6200                 ,90.4,116.4,62.6,66,-19,2461,1385,66,8450,7267.598
MO2507-C-6300                 ,64,82.8,41.4,42.2,-16.2,1763,593,42.2,7057,4119.954
MO2507-C-6400                 ,43,57.6,26.8,27.2,-12.6,1682,898,27.2,4875,1942.754
MO2507-C-6500                 ,28.6,39.8,18.2,18.6,-7.8,1993,388,18.6,4842,1311.214
MO2507-C-6600                 ,19,27.2,12,12.2,-6.4,1702,710,12.2,3186,585.516
MO2507-C-6700                 ,14.8,20.6,9.2,9.2,-3.8,1076,312,9.2,2142,304.682
MO2507-C-6800                 ,9.6,14.2,7,7.4,-2,1888,489,7.4,3399,339.424
MO2507-C-6900                 ,9.6,9.8,5.2,5.8,-1.2,514,514,5.8,1126,77.174
MO2507-P-5200                 ,13.4,17,9.4,15.2,1.4,1860,461,15.2,2626,318.892
MO2507-P-5300                 ,15.4,21.4,11.4,18.8,1.8,1010,15,18.8,1700,254.544
MO2507-P-5400                 ,21,28.4,15.6,25,1.8,1873,602,25,3169,634.75
MO2507-P-5500                 ,28.8,36,20,32.2,0.8,1747,285,32.2,3452,914.822
MO2507-P-5600                 ,40,48,26.8,41.8,-0.4,2727,1395,41.8,6031,2173.994
MO2507-P-5700                 ,51.8,65.2,36.4,56.2,-1.6,2536,690,56.2,5856,2795.08
MO2507-P-5800                 ,76.4,90,51.6,78.8,-2.2,2595,1148,78.8,9151,6142.578
MO2507-P-5900                 ,105,124.2,74.4,109.6,-4.4,1609,713,109.6,5936,5547.71
MO2507-P-6000                 ,145,170,105.6,153.8,-3,1961,930,153.8,6896,9255.744
MO2507-P-6100                 ,207.2,228.2,148.2,208.2,-2.8,1166,801,208.2,5835,10691.662
MO2507-P-6200                 ,258.6,297.4,205.6,275.8,-1.4,626,505,276,2519,6031.546
MO2507-P-6300                 ,323.8,372.4,271.2,355.8,7.2,175,67,352.6,342,1071.84
MO2507-P-6400                 ,413.8,460.6,350,439.6,9.6,190,89,437.8,274,1105.35
MO2507-P-6500                 ,448.6,539,436.6,539,8.4,155,18,528,93,440.204
MO2507-P-6600                 ,534.6,638.6,529.6,625.8,-11.4,125,-2,622.2,24,138.758
MO2507-P-6700                 ,711,731.2,625.4,731.2,-11,112,1,718.2,12,80.734
MO2507-P-6800                 ,733,819.8,716.8,819.8,-14.6,162,0,815.6,7,53.158
MO2507-P-6900                 ,866.4,866.4,802,861,34.2,4,4,913.6,4,33.958
MO2508-C-5300                 ,null,null,null,512.2,0,1,0,652.4,0,0
MO2508-C-5400                 ,555.4,555.4,555.4,555.4,14.8,5,0,563.8,2,11.79
MO2508-C-5500                 ,541.8,556.2,541.8,556.2,57.4,10,1,478.8,9,49.092
MO2508-C-5600                 ,446,478.8,401.2,402,-5.8,62,26,398.8,52,222.428
MO2508-C-5700                 ,364.4,405.6,323,329,-9.2,68,-13,325.2,38,139.61
MO2508-C-5800                 ,298,334.6,253.4,260,-17,68,5,260,72,212.98
MO2508-C-5900                 ,245,266.2,198.4,203,-16.2,109,37,202.8,193,444.104
MO2508-C-6000                 ,193.6,212.6,151.2,153,-23.8,175,55,155.2,258,469.51
MO2508-C-6100                 ,144,167.4,115.8,119,-17.8,129,2,117.6,110,146.484
MO2508-C-6200                 ,113.8,132.4,87.6,87.8,-20.2,204,95,89,304,332.852
MO2508-C-6300                 ,87.8,103.4,67,68.4,-12.2,329,158,68.4,658,543.186
MO2508-C-6400                 ,68,78.2,50,50.8,-10.6,250,25,51.4,622,394.612
MO2508-C-6500                 ,50.8,63.8,38,38.4,-8.8,460,134,38.4,484,235.316
MO2508-C-6600                 ,44,51,30,31,-7.2,194,62,30.8,375,153.392
MO2508-C-6700                 ,34.8,42.6,24,25.2,-3.6,185,6,24.4,262,85.546
MO2508-C-6800                 ,29.2,36.8,20,21,-3.2,758,156,21,1009,292.348
MO2508-C-6900                 ,28,29.4,15.6,17.6,-9.2,143,143,17.6,561,123.15
MO2508-P-5300                 ,40,47.2,29.2,45,3,259,93,45,486,182.682
MO2508-P-5400                 ,52,59.4,39,56.6,0.8,306,66,56.2,351,162.666
MO2508-P-5500                 ,62.8,76.6,48.2,72.2,2.2,253,19,71.6,470,278.134
MO2508-P-5600                 ,85.4,98,62.8,90.6,-5.4,407,222,90.6,751,577.056
MO2508-P-5700                 ,110,126.4,83.8,118,-5.8,432,249,118.2,634,627.318
MO2508-P-5800                 ,146.2,163.6,111.8,151,-5.4,201,98,152.4,410,544.408
MO2508-P-5900                 ,188.8,206.4,145.6,193.6,-4.4,239,123,194.6,402,683.204
MO2508-P-6000                 ,242.8,261.4,196.6,245.6,-11,144,47,247.8,308,686.06
MO2508-P-6100                 ,279.2,324.6,248.4,303.2,-4.4,100,83,311.4,242,650.816
MO2508-P-6200                 ,354.6,361.8,312.8,361.8,-20,76,42,378.8,87,285.152
MO2508-P-6300                 ,413,460.4,375.2,400.4,-51.6,40,13,456.8,40,163.712
MO2508-P-6400                 ,467.4,539.6,460.8,460.8,-70.4,24,2,537,8,39.83
MO2508-P-6500                 ,565,621,548,548,-70.2,40,9,628.6,18,103.634
MO2508-P-6600                 ,637.2,707.8,637.2,707,-83.8,67,14,719.8,18,120.654
MO2508-P-6700                 ,802,802,802,802,-80.2,86,2,813.2,2,16.04
MO2508-P-6800                 ,829,869.2,814.4,840,-97.2,155,21,902.8,28,237.412
MO2508-P-6900                 ,941.4,976,934,947.6,23.6,41,41,999.8,42,398.062
MO2509-C-4000                 ,1875,1934,1846,1888,52.2,111,-10,1834.8,41,777.678
MO2509-C-4100                 ,1810,1810,1810,1810,95.6,46,-3,1736.6,3,54.3
MO2509-C-4200                 ,1674.8,1674.8,1674.8,1674.8,24.2,38,0,1637.2,2,33.244
MO2509-C-4300                 ,null,null,null,1562,0,59,0,1540.8,0,0
MO2509-C-4400                 ,1526.4,1526.4,1459.2,1505,48.2,51,-5,1444,9,135.342
MO2509-C-4500                 ,1415.4,1429.6,1353.6,1355,32.6,80,2,1349.2,28,388.112
MO2509-C-4600                 ,1319,1319,1298.6,1298.6,228.4,111,-1,1252.4,2,26.176
MO2509-C-4700                 ,1257.8,1258.4,1157.4,1157.4,12,101,-2,1157.4,22,266.604
MO2509-C-4800                 ,1142,1142,1142,1142,227.8,158,1,1065.2,1,11.42
MO2509-C-4900                 ,null,null,null,986,0,112,0,967.4,0,0
MO2509-C-5000                 ,929.2,976.8,868.8,879.6,-5.8,397,12,875.4,70,650.654
MO2509-C-5200                 ,765.4,795.8,708,708,-6,305,2,700.6,24,179.686
MO2509-C-5400                 ,590,631,530,533.4,-12.2,474,-7,539,110,646.854
MO2509-C-5600                 ,426.4,477,379.2,388,-17,741,-64,388,428,1810.172
MO2509-C-5800                 ,311.6,343.2,262,278.2,-17.8,1408,-146,278.2,1052,3206.66
MO2509-C-6000                 ,203,238,176.8,180.2,-18.6,3279,280,180.4,1358,2784.976
MO2509-C-6200                 ,138,162.2,116,117.8,-14,2754,319,118,1602,2206.812
MO2509-C-6400                 ,93.2,106.2,74.8,75.6,-9,2443,35,76,1257,1105.2
MO2509-C-6600                 ,60.2,75,49.4,50.4,-5.8,1831,176,50.4,1222,717.908
MO2509-C-6800                 ,41.8,48.6,34,35.2,-3.4,1662,216,35.2,1303,529.054
MO2509-C-7000                 ,29.6,35.8,26,27.4,0,1821,-5,27.4,1003,300.848
MO2509-C-7200                 ,21.6,27.4,18.2,20.4,-0.8,640,14,20.4,437,101.928
MO2509-C-7400                 ,19.4,21.8,16.2,17.4,-0.2,2009,102,17.4,2110,405.2
MO2509-P-4000                 ,8.4,11,7.6,10.6,2.2,1670,171,10.6,1015,92.77
MO2509-P-4100                 ,9.6,12.6,8.4,12.2,2.6,360,8,12.2,257,25.174
MO2509-P-4200                 ,11,14.4,9.8,14.4,3,393,49,14,221,24.298
MO2509-P-4300                 ,12.4,16.2,11,15.6,2.8,274,17,15.6,99,12.884
MO2509-P-4400                 ,12.8,18.2,12.8,17.6,2.8,269,-4,17.6,55,8.172
MO2509-P-4500                 ,16.8,21,14.8,20.8,3.6,298,84,20.8,206,35.25
MO2509-P-4600                 ,19.2,23.4,17.8,23.4,2,250,22,23.2,80,15.734
MO2509-P-4700                 ,22.6,28.6,21,25.4,0.2,401,28,27.8,107,26.102
MO2509-P-4800                 ,30,33,24.6,32.2,2,485,29,32,315,88.79
MO2509-P-4900                 ,35.8,39.6,29.2,38.8,2.8,444,59,38.8,677,225.992
MO2509-P-5000                 ,43.4,48,34.8,45.4,1,1190,76,45.4,681,274.48
MO2509-P-5200                 ,64,71.8,52.8,67.8,0,1771,117,67.8,1022,628.884
MO2509-P-5400                 ,97.2,108,79.8,102.6,0.6,1299,149,102.4,777,719.23
MO2509-P-5600                 ,150.8,164.4,122.8,154.6,-1.8,1259,-32,154.6,1266,1812.518
MO2509-P-5800                 ,222.4,245,186.6,230,-5.2,1403,215,233,898,1953.364
MO2509-P-6000                 ,318.2,356.2,281.6,346.4,2.8,1359,130,345.4,761,2401.576
MO2509-P-6200                 ,451,495.6,402.4,480.8,2,1018,4,480.8,360,1607.418
MO2509-P-6400                 ,607.6,653,553.4,641.8,9.8,882,29,634.4,148,898.084
MO2509-P-6600                 ,765,806.2,724.6,805,2.2,582,12,813,37,285.508
MO2509-P-6800                 ,907,980.6,895,976,-17.8,382,10,995.8,14,132.264
MO2509-P-7000                 ,1115.8,1145,1100.6,1145,-30.8,348,2,1185,7,78.672
MO2509-P-7200                 ,1308.2,1308.2,1279.2,1303.8,-68.4,146,0,1377.2,4,51.862
MO2509-P-7400                 ,1470,1554.8,1470,1554.8,-29.4,332,0,1572.2,6,90.078
MO2512-C-4900                 ,892.2,952.4,849.6,858.2,-6.2,114,-16,858.2,59,539.116
MO2512-C-5000                 ,850.2,871,778.2,781.8,-8.2,103,15,777,61,491.782
MO2512-C-5200                 ,676.4,725.8,622.6,622.6,-17.4,238,3,631.4,45,303.744
MO2512-C-5400                 ,535.4,579.8,507.8,513.4,-3,344,1,502,50,273.38
MO2512-C-5600                 ,449.2,461.4,393,395.8,-5,849,62,389.6,136,578.98
MO2512-C-5800                 ,334.4,360.2,295.4,302.4,-10.2,1539,165,306.4,536,1772.988
MO2512-C-6000                 ,243.6,275.4,222,224.6,-8.2,2602,22,228,489,1230.88
MO2512-C-6200                 ,182,206.8,162.6,167.8,-7.2,2331,208,168.2,741,1377.462
MO2512-C-6400                 ,139.4,152.2,119.2,122.8,-4,1370,-51,122.8,379,522.454
MO2512-C-6600                 ,99.4,114.8,86.6,91.6,-2.6,1074,99,91.4,463,462.856
MO2512-C-6800                 ,72.4,85,64.8,67.4,-0.8,882,-7,65.8,178,133.218
MO2512-C-7000                 ,54.4,64.8,50,51.6,-1.6,1408,-13,51.8,659,377.856
MO2512-C-7200                 ,41,49.2,36.2,39,-0.2,374,29,39,379,165.064
MO2512-C-7400                 ,31,40,28.8,30.8,0,640,18,30.2,933,317.148
MO2512-P-4900                 ,96,105,84,104,3.8,689,38,101,580,548.208
MO2512-P-5000                 ,117.2,125.8,101,125.8,5.8,627,57,119.6,483,545.67
MO2512-P-5200                 ,168.8,178.8,146,176,-1,707,54,175,274,437.31
MO2512-P-5400                 ,232,248.8,204,241,1.2,850,-28,241,308,684.306
MO2512-P-5600                 ,314.6,337.6,280,329.4,2,1119,65,329.4,277,850.192
MO2512-P-5800                 ,414.6,441.6,374.2,430.2,5.2,1068,-3,430.2,296,1193.058
MO2512-P-6000                 ,516,558.8,483.2,551.6,-1,944,56,562.8,213,1097.75
MO2512-P-6200                 ,643.8,693.4,612,686,3.6,992,49,701.2,182,1176.856
MO2512-P-6400                 ,785.2,854.6,760.4,842,-10.8,608,7,853.6,48,390.456
MO2512-P-6600                 ,965.4,1021.4,935,1021.4,18.4,334,2,1015.2,25,243.992
MO2512-P-6800                 ,1177.2,1177.2,1177.2,1177.2,0,355,0,1192.2,5,58.86
MO2512-P-7000                 ,1303,1373,1296.8,1373,24.4,254,0,1375.2,9,119.046
MO2512-P-7200                 ,1468.2,1468.2,1468.2,1468.2,-77,111,0,1558.8,1,14.682
MO2512-P-7400                 ,1691,1737.6,1644,1737.6,-2.4,161,6,1737.6,30,500.31
MO2603-C-4900                 ,853,890.2,809,819.8,-14.4,126,5,811.6,29,249.37
MO2603-C-5000                 ,798.2,836.8,757.8,757.8,-4.2,103,8,743.6,15,119.094
MO2603-C-5200                 ,637,696.6,615.6,620.6,-8.2,269,14,619,52,338.99
MO2603-C-5400                 ,551,572.2,503.2,503.2,-13,1198,36,516.2,79,433.766
MO2603-C-5600                 ,449,474.4,405.8,415,0.2,754,71,412.8,169,751.306
MO2603-C-5800                 ,348,386.8,325,326.6,-7.6,1124,165,330.4,347,1251.794
MO2603-C-6000                 ,265.8,303.6,254.8,258,-1.2,1909,10,264,361,1017.558
MO2603-C-6200                 ,219,242,198.8,203,4.8,1626,78,203,260,570.152
MO2603-C-6400                 ,159.2,188.4,153.8,156.8,3.8,1206,75,155.6,256,443.79
MO2603-C-6600                 ,127,143,117.2,121.2,2.6,1347,76,124,318,414.196
MO2603-C-6800                 ,95,111.6,91.8,94.6,5.2,613,25,95.4,173,173.852
MO2603-C-7000                 ,73.2,87.6,70.8,76.6,5,893,93,74.8,415,328.022
MO2603-C-7200                 ,56.6,68.8,54.6,58.4,1.8,1529,109,58.4,1428,880.024
MO2603-P-4900                 ,174,193.6,155.4,188.6,7,1241,223,183.2,799,1355.602
MO2603-P-5000                 ,200.4,223,181,215.6,7.6,775,107,215.6,389,757.582
MO2603-P-5200                 ,261.8,297.4,244,286.8,9.4,623,87,286.8,183,472.714
MO2603-P-5400                 ,341.4,383.8,322.4,383.8,26,821,-10,373.6,154,525.848
MO2603-P-5600                 ,434.8,479,414.6,479,23.6,998,34,474.2,277,1202.48
MO2603-P-5800                 ,555,590.2,518.2,589.4,22,788,41,587.4,239,1298.858
MO2603-P-6000                 ,645.4,732.8,637.2,732.8,38.8,1223,60,704,290,1986.602
MO2603-P-6200                 ,786.8,873.4,770.2,864.6,38.2,755,246,864.6,335,2760.878
MO2603-P-6400                 ,929.6,1005.2,918.8,1004.2,31,271,63,1012.8,77,733.706
MO2603-P-6600                 ,1085.2,1172.4,1070,1165,32.6,273,48,1165.6,96,1070.868
MO2603-P-6800                 ,1234.2,1307.6,1234.2,1307.6,-3,164,21,1335.4,23,291.624
MO2603-P-7000                 ,1406.8,1450.8,1406.8,1450.8,-32.6,231,17,1511.4,19,273.004
MO2603-P-7200                 ,1630.4,1638.4,1601.2,1638.4,-33.6,646,42,1774.4,46,746.284
小计,,,,,,287142,13466,,943441,629871.294
T2506                         ,108.7,108.875,108.685,108.825,0.115,0,-5764,108.805,697,75815.455
T2509                         ,108.97,109.12,108.91,109.02,0.095,191046,13934,109,265506,28942767.975
T2512                         ,108.98,109.085,108.935,109.02,0.075,24255,3437,108.99,22437,2445613.115
小计,,,,,,215301,11607,,288640,31464196.545
TF2506                        ,105.725,105.935,105.725,105.9,0.05,0,-6532,105.9,504,53345.055
TF2509                        ,106.18,106.2,106.095,106.175,0.035,150832,5396,106.15,241156,25598026.91
TF2512                        ,106.26,106.29,106.18,106.235,0.005,22391,4489,106.215,14003,1487428.36
小计,,,,,,173223,3353,,255663,27138800.325
TL2506                        ,119.18,119.83,119.18,119.6,0.56,0,-2014,119.6,400,47791.97
TL2509                        ,119.9,120.64,119.75,120.5,0.72,104661,7824,120.46,302705,36410536.1
TL2512                        ,119.65,120.46,119.59,120.33,0.73,19985,1054,120.29,18601,2234480.09
小计,,,,,,124646,6864,,321706,38692808.16
TS2506                        ,102.312,102.346,102.308,102.326,0.01,0,-231,102.336,1084,221845.232
TS2509                        ,102.45,102.476,102.422,102.464,0.012,119112,2025,102.448,146296,29975158.668
TS2512                        ,102.574,102.602,102.528,102.576,0.002,5707,1298,102.562,7485,1535368.504
小计,,,,,,124819,3092,,154865,31732372.404
合计,,,,,,2087052,124870,,4529409,362878319.612
