合约代码,月开盘价,月最高价,月最低价,月收盘价,涨跌,持仓量,持仓变化,月末结算价,成交量,成交金额
HO2601-C-2650                 ,419.2,514.2,419.2,435.4,61.8,0,-25,431.79,176,831.164
HO2601-C-2700                 ,369,479.2,369,380.2,55.2,0,-33,381.79,123,523.08
HO2601-C-2750                 ,319,424.2,319,330.8,30.6,0,-66,331.79,243,899.714
HO2601-C-2800                 ,260.2,374.4,257,280,53.2,0,-195,281.79,796,2618.378
HO2601-C-2850                 ,196.6,325.6,196.6,233,56.6,0,-130,231.79,1417,4035.214
HO2601-C-2900                 ,149.8,279.8,139.2,180.8,48,0,-603,181.79,4093,9170.782
HO2601-C-2950                 ,105,231.2,101.2,129.8,43.4,0,-704,131.79,6244,11182.204
HO2601-C-3000                 ,53,182.6,53,81.6,36.6,0,-2032,81.79,17457,21682.436
HO2601-C-3050                 ,28.8,132.6,26,31.6,9,0,-3209,31.79,40697,32002.556
HO2601-C-3100                 ,12,88,0.2,0.2,-9.8,0,-3588,0,90291,36466.33
HO2601-C-3150                 ,6,51.4,0.2,0.2,-4.6,0,-1875,0,92794,21029.112
HO2601-C-3200                 ,3.2,27.6,0.2,0.2,-2.8,0,-1271,0,45338,5636.814
HO2601-C-3250                 ,2.2,16.8,0.2,0.2,-2.2,0,-642,0,18275,1278.326
HO2601-C-3300                 ,1.6,11.6,0.2,0.2,-1.8,0,-640,0,11514,512.762
HO2601-C-3350                 ,1.2,8.6,0.2,0.2,-1.6,0,-564,0,4953,179.626
HO2601-C-3400                 ,1.2,7,0.2,0.2,-1.4,0,-1702,0,5567,148.124
HO2601-C-3450                 ,27.8,27.8,0.2,0.2,-1.6,0,0,0,2765,76.326
HO2601-C-3500                 ,4.2,4.6,0.2,0.2,-4.4,0,0,0,1726,31.086
HO2601-P-2650                 ,0.2,0.6,0.2,0.2,-0.4,0,-426,0,484,1.38
HO2601-P-2700                 ,0.4,0.8,0.2,0.2,-0.6,0,-414,0,423,1.656
HO2601-P-2750                 ,0.8,0.8,0.2,0.2,-0.8,0,-424,0,384,1.75
HO2601-P-2800                 ,1.6,1.6,0.2,0.2,-1.6,0,-751,0,832,5.974
HO2601-P-2850                 ,2,15.8,0.2,0.2,-2.4,0,-1005,0,1483,12.524
HO2601-P-2900                 ,3,3,0.2,0.2,-4.6,0,-1566,0,3065,42.44
HO2601-P-2950                 ,6,7,0.2,0.2,-8.8,0,-1776,0,4075,90.478
HO2601-P-3000                 ,11.2,15,0.2,0.2,-20.4,0,-2585,0,11547,467.986
HO2601-P-3050                 ,40,40,0.2,0.2,-43.8,0,-1419,0,21088,1356.942
HO2601-P-3100                 ,73.4,73.4,1.6,18.4,-63.4,0,-564,18.21,48328,6844.988
HO2601-P-3150                 ,109.2,109.2,9.2,67.8,-59.4,0,-295,68.21,40734,15276.81
HO2601-P-3200                 ,155.8,155.8,36,119.6,-55.2,0,-144,118.21,13969,10012.8
HO2601-P-3250                 ,201.4,201.6,80,166.4,-57.6,0,-45,168.21,5402,6392.4
HO2601-P-3300                 ,222.2,222.2,126.8,220.8,-33,0,-24,218.21,665,1074.418
HO2601-P-3350                 ,252.2,263.4,177,263.4,-48.2,0,-52,268.21,332,718.75
HO2601-P-3400                 ,321.6,321.6,235.4,314,-36.4,0,-168,318.21,162,437.336
HO2601-P-3450                 ,321,365.2,299.2,365,13,0,0,368.21,96,307.424
HO2601-P-3500                 ,352.2,421.8,334.4,421.8,75,0,0,418.21,70,259.202
HO2602-C-2650                 ,405.2,526.4,398.8,419.6,42.4,21,13,424,316,1474.824
HO2602-C-2700                 ,357,476.4,354.8,373.8,45.4,51,46,374.2,360,1500.22
HO2602-C-2750                 ,307.2,427.6,289,326,42.6,66,52,324.8,435,1558.58
HO2602-C-2800                 ,262,385,238.6,278.2,44.6,589,573,275.8,1594,4650.8
HO2602-C-2850                 ,215.6,332.2,192.2,231.2,40.4,433,399,227,2369,5690.738
HO2602-C-2900                 ,178,284.4,146.4,180,32,571,523,180,6483,11920.064
HO2602-C-2950                 ,133.8,240.4,107.2,136.6,28,713,634,136,11406,16056.684
HO2602-C-3000                 ,91.2,200.8,74.8,93,14.8,1344,1184,93,30850,31602.708
HO2602-C-3050                 ,65,162.4,51,62.8,8.2,2607,2309,62.8,45819,32185.836
HO2602-C-3100                 ,45.2,132.8,34.2,41.2,5.2,5376,5131,41.2,67438,32974.552
HO2602-C-3150                 ,31.4,107,22.6,27.2,2.6,3801,3571,27.2,38945,14880.556
HO2602-C-3200                 ,19.8,86.6,14.6,18.4,0.8,5217,4921,18.4,49024,14130.416
HO2602-C-3250                 ,13.8,71.6,9.4,13.2,0.6,2492,2242,13,14789,3146.408
HO2602-C-3300                 ,10.4,59.4,6.2,9,-0.8,1571,1191,9,13336,2329.002
HO2602-C-3350                 ,8.6,49,4.2,6.6,-1,1021,753,6.6,8890,1276.416
HO2602-C-3400                 ,10.6,42.2,3.2,5,-1.4,655,655,5,5009,512.612
HO2602-C-3450                 ,8.2,37.2,2.8,3.8,1.8,906,906,3.8,8395,824.45
HO2602-C-3500                 ,13.6,33,2.6,3.6,-9.2,3512,3512,3.6,17585,1363.284
HO2602-P-2650                 ,1.8,2,0.4,0.8,-1.6,206,51,0.8,475,6.22
HO2602-P-2700                 ,2.6,2.6,0.4,0.8,-2.8,165,12,0.8,872,13.106
HO2602-P-2750                 ,3.6,3.6,0.6,1,-4.4,160,78,1,719,14.172
HO2602-P-2800                 ,5.8,5.8,1,1.6,-7,562,266,1.6,2285,67.944
HO2602-P-2850                 ,10.2,10.2,1.2,2.4,-8.8,899,670,2.2,3811,173.728
HO2602-P-2900                 ,13.4,14,2.4,4.2,-15.8,1250,974,4.2,8497,585.646
HO2602-P-2950                 ,24,24,4.8,9.4,-22.6,1427,1167,9.4,13622,1715.996
HO2602-P-3000                 ,39,41.4,9.6,19.4,-31.6,2974,2740,19.4,25302,5880.166
HO2602-P-3050                 ,61.4,67.8,19.8,38,-39.2,2742,2474,38,33734,14380.76
HO2602-P-3100                 ,85,102,37.6,66.2,-44.6,2082,1964,66.2,30424,20640.602
HO2602-P-3150                 ,104.8,141,61.2,102.6,-44.6,1494,1396,102.6,19037,19027.538
HO2602-P-3200                 ,156.4,183.6,89.4,142.6,-48.6,882,855,142.6,8195,11385.386
HO2602-P-3250                 ,210.6,225.6,122.4,186,-51,228,225,186,1214,2071.034
HO2602-P-3300                 ,247.6,268.8,163,232.2,-26.8,121,108,233.8,871,1896.394
HO2602-P-3350                 ,301.2,310.6,212.8,277.8,-38.4,65,61,282.4,696,1844.928
HO2602-P-3400                 ,278.2,358.6,255.4,341.4,35.2,73,73,330.4,342,1039.806
HO2602-P-3450                 ,325.2,407.6,310,368.6,8.6,99,99,379,223,782.482
HO2602-P-3500                 ,359.4,468.6,345,418.2,66.6,99,99,428.2,252,1009.156
HO2603-C-2250                 ,820.2,925.6,802.2,835.2,59.8,40,-1,826.4,205,1754.07
HO2603-C-2300                 ,778.8,873.4,755.6,789,51.2,49,-6,775.2,202,1626.862
HO2603-C-2350                 ,719.4,826.2,706.6,736.2,62,31,-4,725.4,221,1669.822
HO2603-C-2400                 ,679.6,773.2,651.6,686.6,66.8,39,-12,675.6,227,1601.916
HO2603-C-2450                 ,629.2,721.2,600.8,632.8,59.2,56,3,625.8,206,1347.544
HO2603-C-2500                 ,571.2,675.6,550.6,579.2,54.6,118,2,577.8,337,2027.908
HO2603-C-2600                 ,472.4,578,454.6,488.2,50.6,74,-1,479.2,218,1111.288
HO2603-C-2700                 ,383.4,479,350.4,384.4,43,133,-17,381.6,290,1192.242
HO2603-C-2750                 ,337.4,432,303,347.2,50.4,56,50,334.6,291,1027.392
HO2603-C-2800                 ,272.6,383.2,257,287,27.4,372,17,289.6,929,2804.674
HO2603-C-2850                 ,252.8,329.8,216.2,254,49.8,94,82,242.4,372,957.376
HO2603-C-2900                 ,188.8,301.2,174.6,204,44.4,356,94,200.4,961,2088.71
HO2603-C-2950                 ,209.6,247.6,138.8,162,32.8,135,133,162.2,423,717.846
HO2603-C-3000                 ,122.8,217.8,109.2,132,37,1208,743,132,3637,5033.704
HO2603-C-3050                 ,92,177.2,84.2,102.8,22.4,580,404,102.8,2378,2500.118
HO2603-C-3100                 ,67.4,155,64,80.2,22.2,1140,768,80.2,5412,4576.98
HO2603-C-3150                 ,58,131,48.2,65.8,19.4,967,870,65.8,3623,2637.876
HO2603-C-3200                 ,44,113.6,37,52,14.6,1517,1057,52,7571,4422.262
HO2603-C-3250                 ,37,96.6,27.6,42.2,12.2,428,373,42.2,1745,862.184
HO2603-C-3300                 ,29.8,83.8,21.6,34,8.6,1441,-514,34,8701,3417.188
HO2603-C-3350                 ,23.6,71,16.2,25.8,3.2,381,305,25.8,1097,396.584
HO2603-C-3400                 ,19,61,12,21.8,5.6,1189,-199,21.8,6670,1747.248
HO2603-C-3450                 ,20,54.2,10.2,18.2,1.2,256,256,17.6,1581,372.486
HO2603-C-3500                 ,26,48,8.2,14.2,-13,1007,1007,14.2,4601,881.844
HO2603-P-2250                 ,1,9,0.4,1,-0.2,498,101,1,757,8.464
HO2603-P-2300                 ,1,2.6,0.8,1.8,0.8,273,-1,1.2,478,7.154
HO2603-P-2350                 ,1.2,3,1,2,0.8,128,-7,1.2,326,5.132
HO2603-P-2400                 ,1.4,3.2,1.2,1.2,-0.4,216,-22,1.2,401,7.072
HO2603-P-2450                 ,1.2,3.6,1,2.8,1.4,109,18,1.4,227,4.418
HO2603-P-2500                 ,2,4,1.2,2,0,176,28,1.6,559,12.612
HO2603-P-2600                 ,2.6,5.8,1.6,2.4,-0.8,205,47,2.2,498,16.416
HO2603-P-2700                 ,5,8.6,2.8,4.2,-2.2,311,45,4.4,953,49.796
HO2603-P-2750                 ,7.4,13.4,4.6,6.8,-3,816,735,6.8,1380,106.378
HO2603-P-2800                 ,12.8,14.8,5.4,9.6,-4.6,663,270,9.6,1724,165.894
HO2603-P-2850                 ,17.8,22,8.4,14.2,-9.8,237,178,14.4,748,107.946
HO2603-P-2900                 ,24,32.8,13.4,21,-15,868,566,22,2202,490.788
HO2603-P-2950                 ,47,47,15.8,33.2,-14.4,745,687,34,2196,740.042
HO2603-P-3000                 ,65,67,32,50,-22.8,742,525,50,3352,1644.024
HO2603-P-3050                 ,89,93,48.2,73.2,-22.6,870,770,74.4,2836,2036.584
HO2603-P-3100                 ,112,124,67.6,102.8,-23.6,770,605,102.8,2259,2144.03
HO2603-P-3150                 ,119,160.4,89.6,134,-25.8,436,394,134,1093,1324.176
HO2603-P-3200                 ,177,197.6,121.4,170.2,-29.6,403,131,172.6,806,1317.41
HO2603-P-3250                 ,196.2,239.4,149.6,209.6,-22.4,129,122,212.6,314,624.328
HO2603-P-3300                 ,261.2,273.4,190.8,270.6,0.2,89,5,254.2,167,394.786
HO2603-P-3350                 ,246.2,322.6,226,322.6,-6.6,36,34,296.8,107,282.954
HO2603-P-3400                 ,358.2,358.2,276.8,333.2,-55,33,4,342,140,444.452
HO2603-P-3450                 ,335.2,401.8,309.4,378.8,13.2,13,13,388,119,429.932
HO2603-P-3500                 ,363.6,458.8,351.8,425.4,62.4,12,12,434.8,116,477.306
HO2604-C-2700                 ,405.2,405.2,388.4,391.4,14,8,8,392.4,12,47.384
HO2604-C-2750                 ,337,360.8,337,357,12.6,5,5,345,8,27.924
HO2604-C-2800                 ,317.2,317.2,317.2,317.2,15.2,2,2,300.6,2,6.344
HO2604-C-2850                 ,248.6,283.4,247.8,269.2,7.2,8,8,259.4,9,24.07
HO2604-C-2900                 ,209.8,267.2,208.4,229.4,4.8,12,12,221.2,16,36.782
HO2604-C-2950                 ,176.8,208.8,168,190.2,-0.2,20,20,187.2,45,82.566
HO2604-C-3000                 ,151,188.8,137,164.2,5,16,16,157.6,75,115.612
HO2604-C-3050                 ,134,157.6,105.2,130,-1.6,115,115,133.6,319,397.896
HO2604-C-3100                 ,105.8,134,84.2,110.6,3.4,395,395,111.8,1218,1284.016
HO2604-C-3150                 ,86.4,112.6,67.4,94.2,7.8,85,85,92.4,504,473.678
HO2604-C-3200                 ,65.4,95,57,77.8,9.2,49,49,76.8,173,131.284
HO2604-C-3250                 ,61.8,77,50.4,64,10.4,22,22,63.8,76,45.084
HO2604-C-3300                 ,40.8,63.6,40.8,53.6,12.2,61,61,53.2,182,92.178
HO2604-C-3350                 ,32.2,53.2,32.2,46,14.4,40,40,44.6,107,46.138
HO2604-C-3400                 ,36.4,46.8,26.4,39,15.2,74,74,37.6,398,139.676
HO2604-C-3450                 ,30.4,33.2,30.4,31.4,-5.8,3,3,32,3,0.95
HO2604-P-2700                 ,9,12,4.2,5.4,-3,46,46,5.2,384,29.39
HO2604-P-2750                 ,12.4,15.8,6.8,8.6,-7.2,40,40,8.4,389,44.218
HO2604-P-2800                 ,20,22.4,10.8,19.8,-3.4,12,12,13.8,76,12.32
HO2604-P-2850                 ,25.4,31,14.8,21.6,-11.4,35,35,21.4,187,36.364
HO2604-P-2900                 ,38.6,41.8,24.6,32.8,-12.6,44,44,33.2,162,60.402
HO2604-P-2950                 ,53.2,62.4,35.4,45.6,-15.4,54,54,49,259,133.968
HO2604-P-3000                 ,68.6,86.6,50.4,68.2,-11.6,70,70,69,263,180.134
HO2604-P-3050                 ,86.4,109,69.4,103.8,2,114,114,93,336,317.2
HO2604-P-3100                 ,116,137.4,93.4,119.6,-7.8,68,68,120.8,299,353.136
HO2604-P-3150                 ,146.6,171,120.8,152.2,-4,51,51,148.6,104,157.006
HO2604-P-3200                 ,176.8,207.4,169.6,178.8,-9.4,54,54,187.2,80,150.44
HO2604-P-3250                 ,216.2,245.4,210.2,216.2,-7,21,21,224,34,75.484
HO2604-P-3300                 ,280.6,280.6,219,255,-5.8,30,30,263,48,125.418
HO2604-P-3350                 ,303.8,303.8,303.8,303.8,3,1,1,305.2,1,3.038
HO2604-P-3400                 ,334.4,363.6,334.4,347,4.2,7,7,347.2,34,119.574
HO2604-P-3450                 ,null,null,null,346.2,0,0,0,391.2,0,0
HO2606-C-2400                 ,727.8,753.8,652.2,687.6,49.2,42,8,683,77,548.106
HO2606-C-2450                 ,680,690.2,633.4,638.8,43.8,25,5,634.2,29,190.878
HO2606-C-2500                 ,632.6,666,583.2,590.8,21,72,-5,585.6,39,241.822
HO2606-C-2600                 ,501,578.2,463.4,496,37.2,51,6,494,34,176.04
HO2606-C-2700                 ,389.6,470,382.6,408.6,35,54,2,405,48,206.826
HO2606-C-2800                 ,318,406.2,297,325.6,42.4,180,-32,323.4,227,766.418
HO2606-C-2900                 ,225.4,322.6,225.4,257.6,43.8,172,-12,254.6,230,610.94
HO2606-C-3000                 ,173.6,257.2,173,195.8,44.2,928,637,201.4,1889,3871.95
HO2606-C-3100                 ,133,210.6,128.6,150.4,36.4,811,453,152.6,2238,3500.404
HO2606-C-3200                 ,80,167,80,120.4,31.4,309,-22,121.4,553,707.116
HO2606-C-3300                 ,79,145,71.2,91.8,19.6,647,-907,93.8,2723,2555.602
HO2606-C-3400                 ,55,118.2,53.4,72.6,19.6,623,-167,72.6,963,791.556
HO2606-C-3500                 ,54.2,98.2,42.2,59.8,15.2,789,789,59.8,3063,1909.064
HO2606-P-2400                 ,7,7.8,2.4,3.6,-4.2,643,110,3.6,772,33.822
HO2606-P-2450                 ,8.8,8.8,2.8,4.6,-4.8,114,29,4.6,313,15.116
HO2606-P-2500                 ,10.8,10.8,3.8,6,-5.4,261,74,6,771,49.418
HO2606-P-2600                 ,17.6,17.6,7.4,10.8,-6.8,240,67,10.6,740,78.892
HO2606-P-2700                 ,28.2,28.2,14.4,19.4,-9.4,325,192,20.2,916,184.22
HO2606-P-2800                 ,47.8,50.4,29,36.4,-16.6,259,92,38.2,570,221.314
HO2606-P-2900                 ,70,83.6,50.4,66,-15.2,308,132,66,515,338.712
HO2606-P-3000                 ,114.8,133.8,77.2,110.2,-20.4,474,185,110.6,1034,1100.576
HO2606-P-3100                 ,156,191.8,125.8,166,-23.8,325,210,165.6,766,1222.542
HO2606-P-3200                 ,236.2,260,183.4,228.4,-28,280,20,231.2,191,418.25
HO2606-P-3300                 ,286.6,334.8,244.2,294.2,-39.8,239,40,304.8,131,380.824
HO2606-P-3400                 ,368,413.2,326.2,378.4,-49.6,74,15,384.8,52,191.13
HO2606-P-3500                 ,424.2,489.6,424.2,465.2,18.2,27,27,470,53,246.578
HO2609-C-2600                 ,469.6,569,450,499.8,57.4,117,35,491.2,269,1348.836
HO2609-C-2700                 ,450.6,490.6,375,405,20.8,96,-5,411.4,82,351.476
HO2609-C-2800                 ,335.2,410.2,310.4,380.6,87.8,105,-59,339.8,240,859.406
HO2609-C-2900                 ,251,347.2,251,289.8,42.6,119,-40,282,295,845.744
HO2609-C-3000                 ,205,298.6,205,227.6,43.6,270,75,230.8,348,847.518
HO2609-C-3100                 ,161.6,246.2,158,185,39.8,119,13,185,272,521.57
HO2609-C-3200                 ,118.2,206.8,118.2,155.8,41.8,172,66,155.4,363,600.616
HO2609-C-3300                 ,96.8,172.2,96.8,135,42,164,25,129.8,270,355.486
HO2609-C-3400                 ,67.4,146.2,67.4,107.6,34.4,643,174,107.6,740,821.11
HO2609-C-3500                 ,69.2,125.8,69.2,94.2,33.4,214,214,94.2,1342,1247.388
HO2609-P-2600                 ,30.2,34.8,21.2,28.8,-5,362,58,27.6,1269,355.894
HO2609-P-2700                 ,49.8,54.4,38.8,44.4,-11.2,323,160,45.4,426,197.386
HO2609-P-2800                 ,78.2,90.8,62.8,73.8,-12.4,135,41,72.8,203,151.394
HO2609-P-2900                 ,104.4,133.4,92.4,126,0,71,-11,113.2,137,150.91
HO2609-P-3000                 ,153.6,186,127.4,159.2,-16,64,-5,159,127,201.676
HO2609-P-3100                 ,198.2,245.8,176.6,213.8,-16.4,113,13,213.8,268,566.87
HO2609-P-3200                 ,257.4,321,232.4,280.2,-21.4,128,35,286.6,170,467.46
HO2609-P-3300                 ,329.2,395,295,322.2,-53.8,83,37,358.4,107,370.72
HO2609-P-3400                 ,403,472,365,429.4,-25.6,91,29,433.4,142,608.908
HO2609-P-3500                 ,448.4,555.4,448.4,512,43.6,77,77,515.6,151,763.186
HO2612-C-2700                 ,426,513.6,403,459.2,74.2,189,140,448,270,1219.536
HO2612-C-2800                 ,405,444.4,347.4,403.4,89.2,77,57,376.4,103,411.126
HO2612-C-2900                 ,300.2,351.8,284,329.8,52.8,62,50,318.2,134,407.522
HO2612-C-3000                 ,221.6,318.6,218.8,275.2,61.4,90,76,271.8,274,725.718
HO2612-C-3100                 ,177.2,276.2,177.2,234.6,50.6,177,161,231.4,437,999.138
HO2612-C-3200                 ,142.2,260.4,142.2,190,49,171,108,194.4,489,975.6
HO2612-C-3300                 ,132.2,205.2,130.4,167.6,53.6,174,166,169,641,1081.45
HO2612-C-3400                 ,95.2,176.8,95.2,144.6,48.8,198,152,144.6,375,527.344
HO2612-C-3500                 ,89,164.2,89,127.2,47.6,267,267,127.2,1123,1445.534
HO2612-P-2700                 ,74,78,55.2,64.2,-17.4,353,251,64.4,772,500.438
HO2612-P-2800                 ,100.8,105,82,99.4,-19.6,91,4,96,187,179.19
HO2612-P-2900                 ,142.6,151,116.2,140,-16.4,165,146,136.2,310,423.128
HO2612-P-3000                 ,194.4,210.8,164.2,188,-19,121,83,185.6,245,462.362
HO2612-P-3100                 ,235.2,272,212,247.6,-15.2,128,111,237.6,336,820.402
HO2612-P-3200                 ,291.2,336.4,268,310.4,-25,103,41,310.4,88,261.372
HO2612-P-3300                 ,355.2,405.4,331.6,383,-21.2,130,121,380.2,189,671.602
HO2612-P-3400                 ,433.6,482.6,396.6,454,-25.4,98,82,455.2,148,632.082
HO2612-P-3500                 ,469.6,564.6,469.6,527.2,42.8,43,43,528.8,75,383.236
小计,,,,,,82856,30161,,1085035,560908.848
IC2601                        ,7501.6,8403.8,7501.6,8239,783.4,0,-59168,8239.19,368887,59243198.124
IC2602                        ,7464.6,8722.2,7460.6,8377.2,969.4,46994,33934,8385.6,482346,80289595.572
IC2603                        ,7424.4,8728.2,7422,8362.4,999.6,163697,18623,8378.4,2186063,359457441.74
IC2606                        ,7253.4,8685,7233.2,8300,1124.6,100847,43975,8323.2,654236,106585835.064
IC2609                        ,7953.8,8609.8,7871,8210,152.6,37921,37921,8240,122385,20218517.808
小计,,,,,,349459,75285,,3813917,625794588.308
IF2601                        ,4650,4841.8,4648.4,4737,114.8,0,-58209,4736.79,340857,48669858.69
IF2602                        ,4631.4,4833.6,4631.4,4710,100.4,40190,34789,4718.4,389600,55333959.036
IF2603                        ,4627,4833.2,4627,4711,111.2,186373,19498,4719.6,1728419,245630091.546
IF2606                        ,4592,4787.4,4582,4699.8,144.8,79325,33809,4707.6,387505,54686656.704
IF2609                        ,4634,5146,4579.4,4655,-23.6,26756,26756,4662.4,71776,10026193.686
小计,,,,,,332644,56643,,2918157,414346759.662
IH2601                        ,3047,3181,3044.6,3081.4,55.4,0,-19381,3081.79,124435,11678994.906
IH2602                        ,3054,3180.6,3028.4,3068.2,43,16154,14654,3074,167636,15510692.826
IH2603                        ,3040.8,3181.2,3036.2,3074,49,70443,16793,3075.8,765698,71217424.89
IH2606                        ,3034.4,3313,3032.2,3080,63.6,26626,12510,3078.4,142648,13248187.566
IH2609                        ,3070,3130,3005,3053.2,-24.2,9143,9143,3053.8,33836,3093284.01
小计,,,,,,122366,33719,,1234253,114748584.198
IM2601                        ,7622.2,8453.6,7604.8,8241.6,660.2,0,-80925,8242.02,485438,78551535.276
IM2602                        ,7549.6,8573.8,7531,8282.4,778,58272,41096,8277.8,590304,97401260.312
IM2603                        ,7491.6,8568,7462.2,8260.6,824.4,191798,10717,8259.4,2845217,463567907.868
IM2606                        ,7244,8434.4,7228,8143.8,945.8,111274,30319,8136.4,719980,114937365.66
IM2609                        ,7783,8283.6,7701,7996.6,30,47496,47496,7993,154553,24655086.16
小计,,,,,,408840,48703,,4795492,779113155.276
IO2601-C-4000                 ,676,824,676,749.8,133.8,0,-59,736.79,275,2096.602
IO2601-C-4050                 ,624.8,762.6,624.8,689.4,116.6,0,-76,686.79,262,1847.966
IO2601-C-4100                 ,555,721.2,555,641,122.6,0,-49,636.79,285,1869.378
IO2601-C-4150                 ,508,692,508,589.4,117.6,0,-65,586.79,308,1859.36
IO2601-C-4200                 ,461.4,624.8,461.4,537.4,113.6,0,-224,536.79,526,2902.004
IO2601-C-4250                 ,420.6,577,420.6,489.4,123.6,0,-104,486.79,348,1753.954
IO2601-C-4300                 ,359.2,524.8,358,436,108.6,0,-786,436.79,1300,5904.87
IO2601-C-4350                 ,308,479.6,303.8,389,109.2,0,-201,386.79,1465,5942.048
IO2601-C-4400                 ,241.2,435.6,241.2,339.6,110.8,0,-879,336.79,2943,10275.15
IO2601-C-4450                 ,211.2,380,208.4,285.8,99.6,0,-749,286.79,2923,8643.846
IO2601-C-4500                 ,163,336,162,236,95.6,0,-2072,236.79,8750,21265.36
IO2601-C-4550                 ,114,291.2,114,186,85.2,0,-3089,186.79,14315,28805.808
IO2601-C-4600                 ,80,244,75,136.6,68.8,0,-8341,136.79,39580,59660.998
IO2601-C-4650                 ,63,194.6,51.8,86.6,44.2,0,-6211,86.79,64231,70647.31
IO2601-C-4700                 ,38.2,150,30.8,36.6,8.6,0,-9754,36.79,159953,116954.488
IO2601-C-4750                 ,18,108.6,0.2,0.2,-15.8,0,-4700,0,244614,104067.5
IO2601-C-4800                 ,10.4,77.2,0.2,0.2,-9.4,0,-5172,0,221614,68086.368
IO2601-C-4850                 ,6.6,52.6,0.2,0.2,-6.2,0,-2418,0,85969,17503.302
IO2601-C-4900                 ,4.4,35.6,0.2,0.2,-3.8,0,-2684,0,50617,6524.654
IO2601-C-4950                 ,2.8,24.4,0.2,0.2,-2.8,0,-1149,0,23492,1982.398
IO2601-C-5000                 ,2,16.2,0.2,0.2,-2.2,0,-2192,0,27630,1613.26
IO2601-C-5100                 ,1.6,9.6,0.2,0.2,-1.4,0,-974,0,9648,359.626
IO2601-C-5200                 ,1,7,0.2,0.2,-1.2,0,-900,0,4523,109.52
IO2601-C-5300                 ,1.6,5.6,0.2,0.2,-1.2,0,-1728,0,7284,127.918
IO2601-P-4000                 ,0.6,0.8,0.2,0.2,-1,0,-488,0,607,2.536
IO2601-P-4050                 ,0.6,0.8,0.2,0.2,-1.2,0,-500,0,339,1.622
IO2601-P-4100                 ,1,1,0.2,0.2,-1.6,0,-502,0,332,1.712
IO2601-P-4150                 ,0.8,1,0.2,0.2,-1.6,0,-475,0,225,1.394
IO2601-P-4200                 ,1.6,1.6,0.2,0.2,-2.4,0,-1184,0,1632,13.224
IO2601-P-4250                 ,1.6,1.6,0.2,0.2,-2.6,0,-968,0,1428,10.674
IO2601-P-4300                 ,2.4,2.4,0.2,0.2,-3.6,0,-1839,0,2784,28.122
IO2601-P-4350                 ,3,3.8,0.2,0.2,-4.8,0,-1987,0,2852,38.236
IO2601-P-4400                 ,4.8,6.6,0.2,0.2,-7.6,0,-2530,0,5698,103.662
IO2601-P-4450                 ,8,8,0.2,0.2,-11,0,-2060,0,5692,123.618
IO2601-P-4500                 ,10.4,13,0.2,0.2,-16.8,0,-4632,0,12295,443.958
IO2601-P-4550                 ,21.8,23,0.2,0.2,-28.2,0,-4334,0,16240,971.108
IO2601-P-4600                 ,26,32.2,0.2,0.2,-43.4,0,-5750,0,30287,2673.058
IO2601-P-4650                 ,52,54.8,0.2,0.2,-67.6,0,-8138,0,52263,6361.416
IO2601-P-4700                 ,80,82.2,0.2,0.2,-102.2,0,-2155,0,93768,17875.342
IO2601-P-4750                 ,118,118,1.4,13.4,-127.6,0,-863,13.21,135697,38508.734
IO2601-P-4800                 ,155.2,155.2,17.2,62.8,-122.4,0,-683,63.21,85355,48647
IO2601-P-4850                 ,201,201,45,112.6,-118.6,0,-224,113.21,27189,25805.66
IO2601-P-4900                 ,239,239,30,163,-118.2,0,-121,163.21,6986,9795.542
IO2601-P-4950                 ,283.6,283.6,127,210.4,-103.2,0,-121,213.21,2977,5745.388
IO2601-P-5000                 ,331,331,174,260.4,-121.2,0,-74,263.21,2301,5498.304
IO2601-P-5100                 ,395,395,274.4,360.4,-77,0,-90,363.21,522,1784.43
IO2601-P-5200                 ,494.4,494.4,380.6,460.6,-103.6,0,-111,463.21,396,1726.82
IO2601-P-5300                 ,618.8,618.8,465.8,560.6,-103.2,0,-227,563.21,414,2194.502
IO2602-C-4000                 ,662.8,832.8,651.6,702,54.4,32,12,718.6,235,1741.052
IO2602-C-4050                 ,614.6,754.4,602.2,665.8,75.4,24,15,668.8,234,1623.532
IO2602-C-4100                 ,571.8,733,552.8,620,103,41,26,619,227,1492.63
IO2602-C-4150                 ,568,678.8,507.6,575.8,106.4,33,24,569.2,439,2627.91
IO2602-C-4200                 ,475.2,627.2,457,486.2,63.6,83,13,519.8,600,3340.53
IO2602-C-4250                 ,427.6,581.4,408.6,489.6,97.6,66,2,470.4,458,2267.326
IO2602-C-4300                 ,367.8,540.6,358,421.6,94.4,566,509,421.2,2580,11640.808
IO2602-C-4350                 ,325,495,311.8,372.6,83.2,180,138,372.6,1332,5389.046
IO2602-C-4400                 ,285.4,452,268.8,323,74.4,709,415,323,4567,15821.53
IO2602-C-4450                 ,235,403.8,223.4,275,63.4,309,174,275,3919,11557.87
IO2602-C-4500                 ,205.4,364,183.4,229,53.2,1238,1019,229,10853,27624.664
IO2602-C-4550                 ,170,326,147.4,187.8,44.8,1066,803,187.8,10609,22376.826
IO2602-C-4600                 ,141,288,116.6,149.4,30,2801,1287,149.4,42479,76201.078
IO2602-C-4650                 ,106.6,251.6,90,115,18.4,1878,1346,114.8,30131,41110.622
IO2602-C-4700                 ,90.8,222,69.8,88,10.6,7182,6115,88,134405,142865.248
IO2602-C-4750                 ,68,195,53.4,65.2,3.2,6311,5832,65.2,140420,121160.174
IO2602-C-4800                 ,57.2,172.6,41,49.6,0,12179,10582,49.6,175185,123779.468
IO2602-C-4850                 ,42.8,150,29.8,37,-0.8,5500,5040,37,67858,37322.338
IO2602-C-4900                 ,34.2,132.4,21.8,28,-3.6,7350,6467,28,63148,30327.346
IO2602-C-4950                 ,27.8,116.8,16.2,20.6,-4.6,2944,2404,20.6,22664,8395.234
IO2602-C-5000                 ,22.8,105,12,16.4,-4.2,6253,5080,16.4,61813,19966.602
IO2602-C-5100                 ,15.8,83.4,6.6,9.8,-3.4,2339,1630,9.8,25207,6337.854
IO2602-C-5200                 ,11.2,68.4,4.2,6.4,-4,2413,2134,6.4,25652,4627.402
IO2602-C-5300                 ,17.8,57.2,3.8,5,-9.8,5455,5455,5,37699,5102.758
IO2602-P-4000                 ,3.8,4,0.6,1.2,-4,383,15,1.2,1709,37.84
IO2602-P-4050                 ,5.2,5.2,0.6,1.2,-5.4,147,-7,1.2,702,18.314
IO2602-P-4100                 ,6.4,6.4,0.6,1.4,-6,194,-144,1.4,1081,29.926
IO2602-P-4150                 ,8.4,8.4,1,1.6,-8.4,289,5,1.6,1679,60.824
IO2602-P-4200                 ,10.8,10.8,0.4,2,-11.2,584,-63,1.8,2910,119.362
IO2602-P-4250                 ,14,14,1.2,2.4,-15.2,577,238,2.4,2918,146.506
IO2602-P-4300                 ,18.2,18.2,1.6,3.4,-18.6,872,285,3.4,5527,392.3
IO2602-P-4350                 ,24.4,24.4,2.2,4.6,-24,1311,493,4.6,8362,709.024
IO2602-P-4400                 ,31.4,32.4,3.2,7,-31.2,1942,1534,7,10315,1080.678
IO2602-P-4450                 ,41.4,44.4,4.2,9.4,-39.4,1653,1294,9.4,11568,1608.66
IO2602-P-4500                 ,54.2,54.2,7.2,14.8,-49.2,2850,2345,14.8,27786,5809.554
IO2602-P-4550                 ,66.4,67.6,11.8,22.2,-60.4,2433,1829,22.2,24936,7156.984
IO2602-P-4600                 ,88.6,89,19.4,33.8,-71.6,3878,2945,33.8,52711,20697.726
IO2602-P-4650                 ,120,129.6,30,50,-82.4,3485,3037,50,51332,28201.246
IO2602-P-4700                 ,133.2,133.2,46,73.8,-88.6,5772,5506,73.8,96808,71951.154
IO2602-P-4750                 ,151,153.2,66.4,100.6,-99.6,4512,4365,100.6,78138,78452.574
IO2602-P-4800                 ,185.8,190.6,93.6,135,-103.8,3690,3524,135,37914,49551.546
IO2602-P-4850                 ,229.4,230.8,125.6,172.2,-110.2,1116,1021,172.2,8610,14383.488
IO2602-P-4900                 ,274.4,274.4,161.4,211,-113.8,828,745,213.6,6324,12933.128
IO2602-P-4950                 ,322.2,322.2,201.6,254.2,-114.6,267,245,254.2,1853,4563.8
IO2602-P-5000                 ,341.6,364.8,241,301,-105.4,678,636,300.2,2730,7902.404
IO2602-P-5100                 ,448,459,325.4,388.6,-99,101,78,396.4,557,2107.522
IO2602-P-5200                 ,479.2,553.2,410,474.6,-106.8,94,84,493,431,2031.29
IO2602-P-5300                 ,538,650.2,505.8,626.8,80,60,60,591.2,238,1357.596
IO2603-C-3200                 ,1448.4,1622.6,1445,1507,109.2,152,-41,1517.4,414,6356.616
IO2603-C-3300                 ,1360.4,1525.2,1360.4,1440,151.6,120,-14,1417.6,280,4008.71
IO2603-C-3400                 ,1252.8,1434.2,1252.8,1341.8,152.6,174,-9,1316.8,372,4971.746
IO2603-C-3500                 ,1153.6,1328.2,1153.6,1244.4,154,190,8,1218,308,3818.596
IO2603-C-3600                 ,1062.6,1207,1056.8,1111.8,101.4,216,12,1118.4,265,3009.698
IO2603-C-3700                 ,947.2,1126.6,947.2,1015.4,122.6,156,18,1018.4,332,3446.814
IO2603-C-3800                 ,849.4,1019.2,849.4,885.6,79.6,118,-36,919,289,2724.188
IO2603-C-3900                 ,770.2,926.4,770.2,814.8,103.8,169,-42,820.2,399,3392.638
IO2603-C-4000                 ,668,839.2,667.2,747.4,137.4,190,-101,722,544,4075.854
IO2603-C-4100                 ,563.4,735,563.4,633.6,94.6,216,-18,625,302,1971.896
IO2603-C-4150                 ,568.8,683,514.8,600,110.8,33,23,576.8,202,1228.94
IO2603-C-4200                 ,473,643.2,471.2,532.8,103.8,486,-167,529.2,1237,6872.754
IO2603-C-4250                 ,470,552.2,427.4,502.8,110.8,31,27,482.2,164,829.592
IO2603-C-4300                 ,377,555.4,376.6,438.8,85.8,591,-601,438.8,2055,9689.696
IO2603-C-4350                 ,354,504.6,338.8,374.6,54,57,28,391.2,278,1166.028
IO2603-C-4400                 ,294,470.6,294,359.2,84.2,905,-113,348.2,2211,8305.296
IO2603-C-4450                 ,296.6,419.4,286.2,331.6,78.6,58,54,307.6,213,716.256
IO2603-C-4500                 ,227,391,227,274,64.2,1784,-341,274,3324,9968.892
IO2603-C-4550                 ,205.8,327.2,205.8,249.8,71.8,80,36,232.8,267,717.484
IO2603-C-4600                 ,177.8,323.4,173.8,205.2,48.6,3630,79,205.2,10757,24718.652
IO2603-C-4650                 ,143.2,285,143.2,175.4,43.4,253,84,173,1503,2914.542
IO2603-C-4700                 ,126.8,264,125.2,149,35.6,4174,1727,149,17434,29554.786
IO2603-C-4750                 ,105.6,235,104.6,131,36.6,1394,1193,131,8339,12026.586
IO2603-C-4800                 ,93.6,214,85.6,109,26.8,4956,3193,109,28405,36890.222
IO2603-C-4850                 ,77.2,192.6,72.8,93,24.6,1417,1306,93.2,6142,6755.496
IO2603-C-4900                 ,65.8,172.2,59.4,79.6,19.2,2344,865,79.2,11742,11283.91
IO2603-C-4950                 ,56.2,154.6,49.4,67.6,17.4,732,535,67.4,2360,1943.88
IO2603-C-5000                 ,49.4,141.8,40.8,58.8,16,4573,2628,58.8,25851,18441.498
IO2603-C-5100                 ,37.6,115.4,28.6,43,10.2,1596,1235,43,9599,5452.976
IO2603-C-5200                 ,30.6,97.8,20,33.8,7.4,4385,1213,33.8,20909,9412.532
IO2603-C-5300                 ,38.6,81,14.8,25.4,-16.6,852,852,25.8,3536,1205.986
IO2603-C-5400                 ,18,69.4,11.4,20.2,4.2,2686,1457,20.2,18584,5422.298
IO2603-P-3200                 ,2.8,3,1,1.6,-1,1004,-267,1.6,1042,19.216
IO2603-P-3300                 ,3,3.2,1.4,1.8,-1.2,563,-5,1.6,422,8.26
IO2603-P-3400                 ,3.2,3.4,1.2,1.6,-1.2,424,38,1.6,282,5.42
IO2603-P-3500                 ,3.6,3.6,1.4,1.8,-1.4,404,16,1.8,276,5.784
IO2603-P-3600                 ,4.4,4.4,1,2,-1.6,826,40,2,646,13.278
IO2603-P-3700                 ,5,5.8,1.4,2.6,-2.2,370,-101,2.6,701,20.368
IO2603-P-3800                 ,6,7.6,1.6,3.2,-3.6,538,2,3,552,21.652
IO2603-P-3900                 ,8.4,10,2,3.6,-6,405,-110,3.4,946,52.032
IO2603-P-4000                 ,12,13.6,2.6,5.2,-8.8,909,-236,5.2,1537,111.058
IO2603-P-4100                 ,17.6,19.4,3.6,7.2,-14,418,-206,7.2,1231,126.286
IO2603-P-4150                 ,21.8,22.8,4.6,8.6,-17.6,180,77,8.8,549,66.888
IO2603-P-4200                 ,26.6,27.8,5.8,11,-20.8,813,-7,11,2037,310.292
IO2603-P-4250                 ,33.2,33.2,7.8,14,-25.8,708,647,14.2,1524,268.544
IO2603-P-4300                 ,40.8,43,10,17.8,-30.4,1183,428,17.8,3229,761.768
IO2603-P-4350                 ,50.2,52.2,13.8,22.6,-37.2,685,625,22.8,2732,799.646
IO2603-P-4400                 ,61.6,62,17.8,30,-43.2,1171,437,30,4028,1474.762
IO2603-P-4450                 ,70.4,70.4,23.8,39,-48.8,732,653,39,2619,1205.782
IO2603-P-4500                 ,90,90,33.4,50,-54,1421,215,50,6784,3838.466
IO2603-P-4550                 ,99.8,101.6,42.8,64.8,-62.2,1023,919,64.8,3194,2132.224
IO2603-P-4600                 ,124.8,125.4,58,81.6,-67,2078,764,81.8,8882,7729.214
IO2603-P-4650                 ,150,150,74.2,101.6,-74.8,1288,1067,101.6,4628,4919.62
IO2603-P-4700                 ,186.4,186.6,94.8,126.2,-88.4,2303,1548,127,8321,10772.028
IO2603-P-4750                 ,200.8,203.8,118.2,153.4,-96.4,1755,1622,156.6,7129,10999.818
IO2603-P-4800                 ,251,251,146.8,183,-92.8,1462,899,190.2,5871,10774.396
IO2603-P-4850                 ,270.8,270.8,176.6,216.4,-103.2,233,140,224,812,1763.25
IO2603-P-4900                 ,286,312.4,210.6,267.2,-93.2,463,109,258,624,1545.734
IO2603-P-4950                 ,320.6,352.4,254.6,282,-117.2,195,123,297.8,348,1004.234
IO2603-P-5000                 ,386.8,399.8,285.4,330,-115.2,516,254,338.4,726,2390.932
IO2603-P-5100                 ,453,480.8,364.4,408.6,-117,116,103,423.4,309,1276.564
IO2603-P-5200                 ,537.4,577.4,464.6,551,-67.6,237,57,511.4,236,1177.17
IO2603-P-5300                 ,582.2,642.8,533.8,642.8,85.8,29,29,604,96,563.44
IO2603-P-5400                 ,759.2,759.2,620,746.6,-29.6,98,33,699.2,231,1578.1
IO2604-C-4200                 ,542.2,582.2,490,545,25.2,16,16,539.6,104,567.43
IO2604-C-4250                 ,502,537.8,491,502.2,8.6,13,13,490.6,33,167.84
IO2604-C-4300                 ,460.2,494.8,431.2,433,-20,17,17,446.4,58,265.054
IO2604-C-4350                 ,417.6,452.8,395.8,428.2,14,14,14,404,66,273.132
IO2604-C-4400                 ,370.8,414.2,356.8,356.8,-20.2,28,28,363.4,59,226.806
IO2604-C-4450                 ,341.8,383.8,289.2,328,-13.8,39,39,325.2,84,287.346
IO2604-C-4500                 ,300.2,346.2,280,346.2,37.8,27,27,289,60,185.008
IO2604-C-4550                 ,269,310.6,246,246,-31,14,14,258.4,36,98.952
IO2604-C-4600                 ,247,272.4,218,244.4,-3.2,51,51,226.4,144,345.586
IO2604-C-4650                 ,219.6,243.8,193.6,200.6,-19.6,121,121,200.6,291,614.522
IO2604-C-4700                 ,195.8,215.8,162,193.4,-1.6,223,223,175.2,507,942.386
IO2604-C-4750                 ,178.8,198.6,132.6,157.2,-14.8,360,360,154.2,1139,1905.166
IO2604-C-4800                 ,152,178.6,121,143,-7.8,257,257,138.6,1482,2214.598
IO2604-C-4850                 ,139.2,158.8,105.8,124.2,-7.4,217,217,117.4,833,1116.822
IO2604-C-4900                 ,114,139.2,95.4,109.4,-5,53,53,106.2,322,348.33
IO2604-C-4950                 ,100.6,123.8,85.4,104.4,5.6,45,45,93.2,178,177.744
IO2604-C-5000                 ,92.2,110.6,67.4,86.2,1.2,77,77,84.2,567,507.766
IO2604-C-5100                 ,73.8,89.6,50,72.4,10.4,77,77,65.2,289,199.01
IO2604-C-5200                 ,58,73,40,55,10.6,198,198,53.4,696,400.796
IO2604-C-5300                 ,53.4,61,30.2,44.6,13.4,313,313,43,1394,644.642
IO2604-P-4200                 ,24.4,31,10,18.8,-0.8,79,79,17.2,523,98.556
IO2604-P-4250                 ,32.4,36.8,13.6,23.6,-14.6,95,95,21.4,810,179.088
IO2604-P-4300                 ,35.2,45,18.8,25.8,-21.8,156,156,26.6,774,243.896
IO2604-P-4350                 ,48.2,51.2,26.2,34.4,-24.2,114,114,34.4,313,117.122
IO2604-P-4400                 ,53,64.2,30.8,44.2,-27,358,358,44.2,841,388.994
IO2604-P-4450                 ,67.4,75.8,41.8,56,-29.6,136,136,56,376,241.146
IO2604-P-4500                 ,77,92.2,57.4,70.4,-31.6,59,59,69.6,286,200.814
IO2604-P-4550                 ,92,118.2,72.8,101,-19.4,34,34,86.2,90,84.21
IO2604-P-4600                 ,114.4,146.2,86.8,104.8,-36.2,150,150,105,342,382.294
IO2604-P-4650                 ,136,162.6,106.6,126.2,-37.2,209,209,126.2,380,515.16
IO2604-P-4700                 ,158,188.8,132.6,151.2,-36.8,276,276,151.4,521,832.052
IO2604-P-4750                 ,204.8,227.2,156.2,176.2,-38.6,160,160,183.2,581,1080.114
IO2604-P-4800                 ,235,263.4,183,207.4,-36,77,77,214.2,323,692.584
IO2604-P-4850                 ,266,284.6,211.8,245,-29,57,57,247.8,209,518.562
IO2604-P-4900                 ,273.2,305.4,247.2,247.2,-59.4,9,9,283.8,25,69.374
IO2604-P-4950                 ,312.4,343,292.4,292.4,-48.4,6,6,321,50,163.026
IO2604-P-5000                 ,348.6,382,333,333,-43.8,5,5,360,50,183.106
IO2604-P-5100                 ,431.2,464.8,412.2,412.2,-41.4,18,18,442.2,71,311.926
IO2604-P-5200                 ,515.6,539.6,501.4,514,-21.6,32,32,527,62,322.228
IO2604-P-5300                 ,594,641,588.4,600.4,-21.6,33,33,619,103,632.376
IO2606-C-3400                 ,1223,1384.4,1223,1317.4,157.8,212,-54,1305.6,187,2437.614
IO2606-C-3500                 ,1168,1282.4,1161.2,1226.8,165.2,76,-21,1207.4,52,626.254
IO2606-C-3600                 ,1020,1185,1020,1100,133.8,129,-85,1109.6,216,2412.938
IO2606-C-3700                 ,929.8,1098,929.8,1010,118.6,81,0,1015.2,39,400.62
IO2606-C-3800                 ,827,964.4,827,914.2,126.2,130,-78,917,273,2523.846
IO2606-C-3900                 ,771.8,910,771.8,877,184.4,106,10,823.4,133,1112.082
IO2606-C-4000                 ,659.2,816,659.2,755.6,149,246,11,731,207,1534.27
IO2606-C-4100                 ,565.6,732.8,565.6,636.2,92.6,101,13,641.2,102,671.196
IO2606-C-4200                 ,485.8,649.4,485.8,569.6,117.6,124,-35,564.2,312,1820.934
IO2606-C-4300                 ,416.8,578,416.8,492,94.4,189,67,479.6,547,2719.236
IO2606-C-4400                 ,348,500,348,420.4,99.4,243,70,406.8,568,2430.598
IO2606-C-4500                 ,281.2,448.4,281.2,344.4,78.4,611,3,344.4,1403,5094.868
IO2606-C-4600                 ,238.6,376.2,238.6,293.2,75,783,57,288.6,1952,5866.374
IO2606-C-4700                 ,204.6,337.2,204.6,245,61.6,2353,978,244.4,4231,10797.46
IO2606-C-4800                 ,163.2,296.6,163.2,205.4,55.8,1226,328,205.4,7296,15766.556
IO2606-C-4900                 ,135,256,134.2,174.8,53.6,1149,323,170.2,2173,3977.644
IO2606-C-5000                 ,106.8,227.6,106.4,149.8,45.8,2056,621,149.8,5676,8817.514
IO2606-C-5200                 ,80,178,76.6,111.8,37.6,1781,387,110.6,5128,5763.772
IO2606-C-5400                 ,57.6,147,56.4,88,34,5068,3861,88,15019,14140.758
IO2606-P-3400                 ,11.8,11.8,5.2,6.8,-6.4,1158,224,6.8,2106,157.74
IO2606-P-3500                 ,13.8,14.2,5.6,7.6,-8,327,52,7.6,797,69.548
IO2606-P-3600                 ,16.8,17.8,6.8,9.4,-10.6,509,-33,9.4,729,73.868
IO2606-P-3700                 ,22.6,22.6,9.2,12,-12.6,280,-6,11.8,347,48.306
IO2606-P-3800                 ,27,27.4,11.6,14.8,-16,835,-16,15,593,133.648
IO2606-P-3900                 ,37.8,37.8,17,20,-21.8,340,-35,20,408,110.508
IO2606-P-4000                 ,49.2,49.2,23.6,26,-30,576,70,26.2,1359,463.626
IO2606-P-4100                 ,62.2,62.2,32.2,35.8,-34.6,268,-164,36.4,1410,619.258
IO2606-P-4200                 ,80.2,81.8,43.8,51,-42.4,819,365,50.8,2263,1363.064
IO2606-P-4300                 ,104.6,104.6,60,69.2,-52.4,450,71,69.2,1468,1189.96
IO2606-P-4400                 ,137.6,137.6,83.6,95.2,-63.8,716,225,96,1849,2031.728
IO2606-P-4500                 ,164.4,175.8,113,132,-70.2,635,359,131.4,1828,2639.708
IO2606-P-4600                 ,231.6,231.6,151,174.6,-80.4,787,461,174.6,2944,5524.278
IO2606-P-4700                 ,270,274.8,197.2,229.8,-83.4,1011,720,226,2233,5306.168
IO2606-P-4800                 ,346.6,346.6,252.8,291.8,-78.6,551,143,290.4,1599,4705.826
IO2606-P-4900                 ,416.2,418.8,344.2,357.2,-93.8,304,-10,358.4,218,799.206
IO2606-P-5000                 ,457.6,475.6,396,455.8,-84.4,326,3,433.6,367,1602.864
IO2606-P-5200                 ,633.4,636.6,567.8,636.6,-57.4,165,-17,597.6,118,705.61
IO2606-P-5400                 ,785.6,785.6,726,748.8,-113.6,107,12,772.4,72,543.84
IO2609-C-4000                 ,672.8,820.6,672.8,767.4,144.6,686,113,741.6,516,3841.004
IO2609-C-4100                 ,669,745.4,603.6,711.2,171,102,8,660.6,372,2427.364
IO2609-C-4200                 ,553,664.4,533,602.8,125.6,134,2,583.2,244,1397.662
IO2609-C-4300                 ,452.2,591,452.2,517,102.2,69,31,510,153,787.026
IO2609-C-4400                 ,395,540,395,426.8,61.2,115,22,443,380,1765.162
IO2609-C-4500                 ,339.6,482.6,339.6,386.6,71,386,20,386.6,689,2719.49
IO2609-C-4600                 ,298.6,427,298.6,340.8,64.6,280,-24,332.8,365,1291.36
IO2609-C-4700                 ,244.2,393.8,244.2,290.4,51.8,851,450,288.6,1347,4074.532
IO2609-C-4800                 ,222.4,344,222.4,258,52.6,554,238,253.4,1545,4112.15
IO2609-C-4900                 ,187.8,299,187.8,217.2,40.4,372,92,215.4,867,2104.27
IO2609-C-5000                 ,174.6,277.8,168,193,39,494,177,192.6,1058,2267.806
IO2609-C-5200                 ,120.2,224,118.6,160.2,48.2,178,21,154.4,552,834.238
IO2609-C-5400                 ,88,186.6,88,127.8,44.6,474,201,127.8,3137,4086.124
IO2609-P-4000                 ,92,94.8,65.8,73.8,-25.6,2122,771,74.4,2755,2219.536
IO2609-P-4100                 ,114.8,114.8,81.4,92.8,-33.4,521,379,92.4,1132,1090.108
IO2609-P-4200                 ,143.2,146.2,101.8,115.4,-43.2,242,74,115.4,778,959.806
IO2609-P-4300                 ,178,180,125.8,135.4,-59.2,169,37,139.8,763,1168.532
IO2609-P-4400                 ,214.8,214.8,153.4,171,-65.2,227,122,169.2,720,1349.488
IO2609-P-4500                 ,259,259,192.4,204,-83.8,380,96,211.4,489,1121.24
IO2609-P-4600                 ,278.8,307.8,245.4,257.2,-85.2,235,90,257.2,410,1111.232
IO2609-P-4700                 ,367,370.2,288.2,312.6,-89.6,190,58,309.4,349,1139.466
IO2609-P-4800                 ,432.6,432.6,351.2,390.8,-77,236,-5,373.6,255,996.268
IO2609-P-4900                 ,485.2,488.4,416.2,478,-35,251,14,439.6,166,751.038
IO2609-P-5000                 ,579.2,579.2,476,498.6,-114.2,312,105,512,428,2240.542
IO2609-P-5200                 ,697,697,635.6,661.8,-78.2,126,39,669.6,145,976.962
IO2609-P-5400                 ,894.4,895.4,799.6,831,-113.2,137,46,829.2,204,1721.168
IO2612-C-4100                 ,619.2,763,619.2,700,114,98,69,702.8,319,2230.45
IO2612-C-4200                 ,582.6,700.6,582.6,617,100.6,27,21,621.6,156,992.732
IO2612-C-4300                 ,497.2,631.6,497.2,519.6,60,47,33,552.4,118,680.92
IO2612-C-4400                 ,458.2,587.6,451.6,490,82,19,2,488.2,172,906.978
IO2612-C-4500                 ,405.6,530,400.8,434.8,75.2,46,30,430.4,223,1017.802
IO2612-C-4600                 ,357,476.4,357,378.2,57.6,217,86,376.2,438,1747.004
IO2612-C-4700                 ,307,444.2,307,345,71,574,455,340.6,1366,4864.404
IO2612-C-4800                 ,262.2,396.8,262.2,302,53.2,367,282,300.4,1417,4537.63
IO2612-C-4900                 ,258.8,357,250,269.4,53,99,88,268.8,685,1912.436
IO2612-C-5000                 ,220,332.8,220,256,65.8,146,121,242,881,2254.47
IO2612-C-5200                 ,156,281.6,156,202.6,59.6,271,164,200.2,1060,2190.794
IO2612-C-5400                 ,170.6,237.2,151,173.2,15.8,224,224,173.2,1698,3040.274
IO2612-P-4100                 ,162.6,162.6,124.6,133.4,-41.4,619,468,133.4,2147,3044.07
IO2612-P-4200                 ,196,196,149.2,154.2,-56.4,332,271,157.8,909,1538.594
IO2612-P-4300                 ,229.6,229.6,175.6,190.2,-62.8,323,161,189.2,557,1096.034
IO2612-P-4400                 ,255.4,267.6,213.8,228,-65.8,185,97,221,290,686.072
IO2612-P-4500                 ,320.8,321.2,248.2,260.6,-82.4,192,-131,258.8,822,2390.498
IO2612-P-4600                 ,380,380,291.2,308.6,-88.4,590,528,308.6,1029,3384.516
IO2612-P-4700                 ,442,442,356.6,364.2,-73.4,222,207,364.2,770,2943.024
IO2612-P-4800                 ,477.8,480.4,399,419,-99,98,91,426,336,1494.498
IO2612-P-4900                 ,532.8,532.8,485.6,522.2,-65.2,28,24,491.8,177,900.516
IO2612-P-5000                 ,586.8,603.8,526.4,553,-103,44,30,563,116,663.84
IO2612-P-5200                 ,788,788,682.4,760,-60.2,106,71,718.2,136,987.146
IO2612-P-5400                 ,846.8,923.4,846.8,871,37,128,128,885.2,223,1974.87
小计,,,,,,213832,36763,,3131306,2287976.326
MO2601-C-6300                 ,1361,2058.8,1350.6,1954.8,681,0,-159,1942.02,376,6170.986
MO2601-C-6400                 ,1253,2048,1242.6,1854.6,680.2,0,-81,1842.02,267,4458.43
MO2601-C-6500                 ,1142.6,1915.6,1142.6,1712,637,0,-66,1742.02,170,2688.028
MO2601-C-6600                 ,1043,1825,1043,1613.6,615.6,0,-139,1642.02,362,5454.184
MO2601-C-6700                 ,921,1726.6,920.6,1536.8,657.4,0,-177,1542.02,627,8184.97
MO2601-C-6800                 ,828.8,1622,821.4,1442,669,0,-294,1442.02,897,10537.934
MO2601-C-6900                 ,721.6,1531.4,719.2,1323.4,643,0,-411,1342.02,1189,13304.858
MO2601-C-7000                 ,613,1450,612,1243,661.2,0,-902,1242.02,3152,31465.684
MO2601-C-7100                 ,534,1347.4,512.8,1146,660,0,-784,1142.02,3507,30910.92
MO2601-C-7200                 ,434,1244.2,417,1041.4,649,0,-2585,1042.02,6434,48883.938
MO2601-C-7300                 ,349,1146.8,328.6,941.2,635,0,-3210,942.02,9159,59490.008
MO2601-C-7400                 ,269,1042.8,245.4,842.6,615.8,0,-4154,842.02,13811,67785.814
MO2601-C-7500                 ,192,942.8,172,741.4,581.2,0,-6210,742.02,29256,114944.226
MO2601-C-7600                 ,128,845.2,114.2,640.4,537.8,0,-7984,642.02,54923,145338.796
MO2601-C-7700                 ,90,746.6,71,543.6,480.6,0,-6678,542.02,84263,170192.084
MO2601-C-7800                 ,48,649.2,42.2,441.4,405,0,-6144,442.02,136631,240940.184
MO2601-C-7900                 ,31.2,550,24.4,341.4,320.2,0,-4340,342.02,144035,212286.292
MO2601-C-8000                 ,25,453.8,13.2,241.4,229,0,-6576,242.02,185304,238434.348
MO2601-C-8100                 ,6.4,367,6,141.6,135.2,0,-4394,142.02,175452,211115.524
MO2601-C-8200                 ,10,292.4,3.2,41.8,38,0,-3254,42.02,246753,220951.152
MO2601-C-8300                 ,2.8,229,0.2,0.2,-2.4,0,-1997,0,248470,178330.574
MO2601-C-8400                 ,2.8,176,0.2,0.2,-2.4,0,-5152,0,199840,112019.192
MO2601-C-8500                 ,3.4,134,0.2,0.2,-2.8,0,0,0,107703,41950.62
MO2601-C-8600                 ,2,101.2,0.2,0.2,0,0,0,0,62390,15397.004
MO2601-C-8700                 ,6,77,0.2,0.2,-4.2,0,0,0,35619,5992.19
MO2601-C-8800                 ,1,59.4,0.2,0.2,-1,0,0,0,30996,4096.45
MO2601-C-8900                 ,9.8,45.2,0.2,0.2,-3.4,0,0,0,11999,1132.688
MO2601-C-9000                 ,5.2,34.6,0.2,0.2,0,0,0,0,22101,1999.24
MO2601-C-9100                 ,11.8,15.6,0.2,0.2,-11.6,0,0,0,2938,98.898
MO2601-C-9200                 ,9.8,11.8,0.2,0.2,-4.6,0,0,0,5621,189.39
MO2601-P-6300                 ,1,1.4,0.2,0.2,-1.4,0,-1065,0,2431,20.308
MO2601-P-6400                 ,1.2,1.6,0.2,0.2,-1.8,0,-1832,0,2003,18.962
MO2601-P-6500                 ,1,2,0.2,0.2,-1.8,0,-1505,0,2603,29.336
MO2601-P-6600                 ,1.2,2.2,0.2,0.2,-2,0,-2262,0,3240,43.308
MO2601-P-6700                 ,1,2.2,0.2,0.2,-2.6,0,-3148,0,4975,68.552
MO2601-P-6800                 ,2.4,3.4,0.2,0.2,-3.6,0,-4520,0,6872,105.046
MO2601-P-6900                 ,4.8,5,0.2,0.2,-5.4,0,-4746,0,8657,166.716
MO2601-P-7000                 ,7.6,7.6,0.2,0.2,-8.8,0,-7289,0,15006,400.884
MO2601-P-7100                 ,10,10,0.2,0.2,-13,0,-5740,0,14697,496.856
MO2601-P-7200                 ,15,15.6,0.2,0.2,-20.6,0,-7966,0,24988,1150.154
MO2601-P-7300                 ,25,28,0.2,0.2,-32.8,0,-8236,0,28628,2034.534
MO2601-P-7400                 ,42.8,42.8,0.2,0.2,-52.8,0,-5918,0,43056,4864.476
MO2601-P-7500                 ,60,66.2,0.2,0.2,-82.8,0,-5242,0,59838,10705.192
MO2601-P-7600                 ,107,107.2,0.2,0.2,-127,0,-6265,0,89096,28101.624
MO2601-P-7700                 ,140,163,0.2,0.2,-188.2,0,-1882,0,106131,45127.002
MO2601-P-7800                 ,220,234.6,0.2,0.2,-259.8,0,-1043,0,133438,70036.052
MO2601-P-7900                 ,300,315.4,0.2,0.2,-345.8,0,-289,0,134664,81463.656
MO2601-P-8000                 ,380.6,403.2,0.2,0.2,-434.8,0,-321,0,154023,75612.83
MO2601-P-8100                 ,483.8,492.6,0.2,0.2,-535,0,-133,0,138231,68026.928
MO2601-P-8200                 ,585.2,585.2,0.2,0.2,-631,0,-110,0,188036,110637.458
MO2601-P-8300                 ,696.4,696.4,34.4,57.4,-648.4,0,-155,57.98,122428,128001.19
MO2601-P-8400                 ,759.8,759.8,70,157.4,-652.4,0,-257,157.98,46374,77582.344
MO2601-P-8500                 ,687.8,687.8,122.8,258.6,-498.6,0,0,257.98,14980,37113.856
MO2601-P-8600                 ,811.6,811.6,191.4,356.2,-500.2,0,0,357.98,7437,27018.188
MO2601-P-8700                 ,748.2,783.4,274.6,455.8,-402.6,0,0,457.98,2716,12333.136
MO2601-P-8800                 ,809.8,809.8,365,556,-304,0,0,557.98,1076,5721.14
MO2601-P-8900                 ,709.8,743,454.8,656,-122.2,0,0,657.98,734,4570.08
MO2601-P-9000                 ,807.6,843,558.6,756,-122.4,0,0,757.98,401,2997.358
MO2601-P-9100                 ,818.2,949.2,673.6,856,140.6,0,0,857.98,275,2327.652
MO2601-P-9200                 ,922.8,1049,773,956,147.4,0,0,957.98,210,1967.126
MO2602-C-6300                 ,1310.4,2220,1300.8,1981.8,756,168,55,1985.8,759,14014.04
MO2602-C-6400                 ,1185.6,2101,1185.6,1867,724.8,63,45,1886,501,9429.54
MO2602-C-6500                 ,1114.2,1992.8,1109.2,1803.4,783.6,91,39,1786.6,456,8051.682
MO2602-C-6600                 ,991.4,1889.8,991.4,1680.6,741.6,69,14,1686.8,546,9010.814
MO2602-C-6700                 ,871.8,1828,871.8,1581.4,723.2,70,10,1587.8,629,9602.006
MO2602-C-6800                 ,806,1684.4,806,1476,732.4,106,-53,1488.2,720,10107.43
MO2602-C-6900                 ,686.6,1627.8,686.6,1379.6,725.6,97,-58,1388.4,782,9882.086
MO2602-C-7000                 ,607.4,1548.6,607.4,1277.4,702.4,177,-148,1289.8,1171,13604.052
MO2602-C-7100                 ,529.8,1392.6,522.6,1172,681,238,-25,1190.8,1993,19866.078
MO2602-C-7200                 ,447.6,1370,443,1077,662,465,-443,1084,4298,40947.022
MO2602-C-7300                 ,394.2,1268,373,991.6,645,852,-387,986.4,4526,38182.51
MO2602-C-7400                 ,317,1140,310.8,893.4,605.8,589,-278,893.4,5943,43170.268
MO2602-C-7500                 ,262,1058.4,248.8,798,566.4,839,-358,795,10269,66854.874
MO2602-C-7600                 ,216,960.2,201.4,701.8,517.2,894,-706,701.8,14391,76953.474
MO2602-C-7700                 ,178.4,878.8,162.8,611.6,455.6,875,-490,611.6,20452,91120.066
MO2602-C-7800                 ,137.8,790,128.4,527,405.8,1277,-1153,527,41280,164525.712
MO2602-C-7900                 ,110.2,715.8,100.2,444.4,348.6,1277,313,444.4,32825,116544.45
MO2602-C-8000                 ,87.6,615.4,77,370,296,2808,1243,370,69305,222412.68
MO2602-C-8100                 ,66.2,529,59,300,242.4,2307,1623,300,71744,200974.092
MO2602-C-8200                 ,52.2,456.2,45.2,243,197.4,5419,3936,243,177327,424607.728
MO2602-C-8300                 ,41,398.2,35.2,187.2,152,5945,5466,187.2,240085,507144.754
MO2602-C-8400                 ,31,337.8,27.2,148,119.6,7843,7286,148,261797,472455.594
MO2602-C-8500                 ,45.2,295.8,43.6,113.8,77.2,9315,9315,113.8,195063,288544.632
MO2602-C-8600                 ,24.2,257.6,24.2,88.2,64,6577,6577,88.2,127806,152970.492
MO2602-C-8700                 ,40,228,29,66,29,3647,3647,66,103913,101491.402
MO2602-C-8800                 ,31.6,202.8,24.6,52.4,24,6879,6879,52.4,119443,98017.176
MO2602-C-8900                 ,66,178.2,18,40,-16,3047,3047,40,60340,40139.652
MO2602-C-9000                 ,50,160,15.6,31,-11.2,6244,6244,31,112740,68142.858
MO2602-C-9100                 ,131,136.8,9.4,21.4,-99.8,3004,3004,21.4,43793,18624.272
MO2602-C-9200                 ,150,150,8,18,-85.2,9088,9088,18,105244,42917.33
MO2602-C-9300                 ,60.4,74,11.6,11.8,-39,3027,3027,11.8,10581,2804.088
MO2602-C-9400                 ,50.6,65.6,9.8,10,-28.2,4360,4360,10,24354,5700.906
MO2602-P-6300                 ,7,7,1.2,2,-6.8,789,237,2,4455,145.492
MO2602-P-6400                 ,9.2,19.4,1.4,2,-9.2,461,-22,2,3440,127.74
MO2602-P-6500                 ,10,10.6,1.2,2,-13,443,-257,2,3953,181.158
MO2602-P-6600                 ,15.8,29.2,1.4,2.4,-15.8,657,-73,2.4,4966,244.358
MO2602-P-6700                 ,18.4,24.6,1.8,3.2,-20,925,-185,3.2,7599,479.308
MO2602-P-6800                 ,28.6,31.4,2,3.6,-30.2,1289,234,3.6,9967,793.284
MO2602-P-6900                 ,38.4,50.4,2.2,4.2,-40.4,1147,-66,4.2,12228,1109.304
MO2602-P-7000                 ,52.6,54.6,3,5.4,-54.6,2663,915,5.4,21021,2454.226
MO2602-P-7100                 ,69,69,2.6,6,-73.8,1186,-10,6,18973,2550.592
MO2602-P-7200                 ,92,92,3,7.4,-98,1586,551,7.4,27850,4852.456
MO2602-P-7300                 ,128,128,3,8.6,-127.2,2375,1549,8.6,38571,7450.628
MO2602-P-7400                 ,155.2,156.4,4.6,12,-167,3217,2385,12,49166,12728.578
MO2602-P-7500                 ,200,201,7,16.2,-206.8,5256,4205,16.2,69537,22490.3
MO2602-P-7600                 ,247.8,258,10,22.2,-256.2,4494,3606,22.2,65599,31065.676
MO2602-P-7700                 ,286.4,312.4,13.6,31,-308.4,4647,4444,31,76361,41466.074
MO2602-P-7800                 ,368,378.6,19,45,-365.2,5831,5608,45,106314,77790.166
MO2602-P-7900                 ,446.6,446.6,27.4,61.6,-420.6,5542,5418,61.6,100173,89540.782
MO2602-P-8000                 ,512.2,523.8,40,85.6,-473,6042,5914,85.6,136974,145468.758
MO2602-P-8100                 ,565.2,565.2,55.6,116.4,-524.2,3573,3509,116.4,118308,164947.746
MO2602-P-8200                 ,608,609.8,78.2,155,-557.4,5396,4989,155,189494,334915.88
MO2602-P-8300                 ,740.8,740.8,108.6,204,-595.8,4875,4854,204,142556,302562.114
MO2602-P-8400                 ,751.8,753,145.2,257.8,-641.4,4200,4175,257.8,83119,209858.264
MO2602-P-8500                 ,793.6,793.6,191.2,329,-499.8,4002,4002,329,45410,146019.95
MO2602-P-8600                 ,856.4,864.2,242.6,403,-553.8,1489,1489,404.4,16654,65345.25
MO2602-P-8700                 ,894.4,918.2,309,483.2,-435.8,734,734,483.2,6361,29025.684
MO2602-P-8800                 ,881.6,881.6,383.6,569,-364.4,440,440,569,3132,17061
MO2602-P-8900                 ,841.8,850,458.8,656,-191.6,71,71,653.2,980,6141.286
MO2602-P-9000                 ,908.2,935.2,539,747,-186.4,175,175,745,990,7504.746
MO2602-P-9100                 ,792.4,1033.4,661,856.2,0.8,63,63,836.8,740,6259.222
MO2602-P-9200                 ,300,1132.4,300,942.8,5.4,136,136,931.4,1329,12531.68
MO2602-P-9300                 ,858.2,1225,848.6,1047.6,223.4,134,134,1035.6,364,3618.058
MO2602-P-9400                 ,910,1237,910,1143.6,231,103,103,1133.4,349,3691.086
MO2603-C-4900                 ,2575,3606.6,2575,3355.2,815.2,202,3,3363.8,371,12100.746
MO2603-C-5000                 ,2526.8,3503.8,2526.8,3239.6,799.4,226,7,3254.8,299,9570.344
MO2603-C-5200                 ,2311.6,3308,2311.6,3053.2,776.8,236,18,3055.4,315,9346.718
MO2603-C-5400                 ,2136.8,3107,2128.4,2879.6,828,259,-38,2856,486,13042.708
MO2603-C-5600                 ,1904.2,2906.2,1904.2,2659.2,834.4,481,42,2667.2,479,12175.07
MO2603-C-5800                 ,1752.6,2687,1752.6,2442,792,858,-15,2468.2,515,12190.15
MO2603-C-6000                 ,1500,2550,1500,2269.4,803,994,-205,2269.4,824,18274.674
MO2603-C-6200                 ,1328.6,2295.8,1328.6,2075.6,816.2,1298,-33,2070.8,515,9947.404
MO2603-C-6400                 ,1115.6,2090,1115.6,1856.4,780.4,936,-25,1874.6,788,13407.85
MO2603-C-6500                 ,1045.6,1988.6,1045.6,1780.6,782.2,56,47,1776.4,407,7108.172
MO2603-C-6600                 ,982.4,1910.8,944.8,1665.2,773.4,936,-32,1677.4,973,14696.948
MO2603-C-6700                 ,864,1775.8,864,1554.2,723.2,47,38,1580.2,293,4556.35
MO2603-C-6800                 ,761.2,1700,760.8,1485,758.4,694,-338,1485,1498,19140.402
MO2603-C-6900                 ,685.4,1595.2,685.4,1393.6,723,51,30,1386,373,5077.852
MO2603-C-7000                 ,599.8,1550,599.8,1277,705.8,873,-1189,1290.2,3144,34200.356
MO2603-C-7100                 ,564.6,1476,553,1175.4,660.6,57,-103,1194.4,743,7727.244
MO2603-C-7200                 ,437.6,1370,437.6,1090,656.4,1160,-1230,1100.4,4031,36349.48
MO2603-C-7300                 ,389.4,1228.6,389.4,1003.4,631.8,198,-347,1013,1584,14478.902
MO2603-C-7400                 ,369.2,1152.4,341.4,911.6,590.2,1877,-2023,919.4,11166,80408.14
MO2603-C-7500                 ,295.2,1050.4,295.2,831.4,555.4,453,34,832.6,2989,20729.668
MO2603-C-7600                 ,252,1000,247,751,519.2,1154,-889,751,9606,54270.094
MO2603-C-7700                 ,215.8,881.2,215.4,668.4,472.4,536,138,668.4,4384,24838.078
MO2603-C-7800                 ,182.4,839,175,573.8,406.8,1270,-292,583.6,12238,56949.458
MO2603-C-7900                 ,154.8,766,154.8,517.8,367.8,716,204,518.4,7000,31079.85
MO2603-C-8000                 ,131.6,675.8,128.2,454.6,334.6,2467,-843,454.6,27965,108347.298
MO2603-C-8100                 ,125.8,614.8,117.2,398,296.8,773,418,399.4,8228,29842.656
MO2603-C-8200                 ,94.2,544.8,92.4,346,260.2,2043,147,346,25355,79091.2
MO2603-C-8300                 ,80.4,480,80,302,228.2,2374,2179,300,19501,59926.462
MO2603-C-8400                 ,69.8,430.6,69.8,259.8,197.2,3499,1848,259.8,33867,88628.68
MO2603-C-8500                 ,97.6,377.2,87.8,223.6,140.2,1496,1496,223.6,15377,36900.078
MO2603-C-8600                 ,58,335.2,50.2,195.2,146,4474,127,195.2,50735,96348.064
MO2603-C-8700                 ,84.8,291.8,67.4,164.6,81.8,1123,1123,164.6,11406,19904.352
MO2603-C-8800                 ,70.8,268,69.2,145.8,83.4,1417,1417,145.8,16113,25850.814
MO2603-C-8900                 ,128.4,242.4,59,123.8,20.8,606,606,123.8,8292,11061.392
MO2603-C-9000                 ,99.8,225.6,50.6,108.6,21,2569,2569,108.6,30012,37817.586
MO2603-C-9100                 ,152,198.4,40.4,93.2,-87.6,972,972,93.2,10859,10984.444
MO2603-C-9200                 ,120,181.2,22.2,82,-77,2887,2887,82,28583,27470.132
MO2603-C-9300                 ,136.6,136.6,56.8,71.8,-45.4,249,249,71.8,2361,2081.47
MO2603-C-9400                 ,115.2,125.8,49.4,64,-34.6,1368,1368,64,8713,7037.784
MO2603-P-4900                 ,3.6,4,1.4,2,-2,1496,2,1.8,2596,70.666
MO2603-P-5000                 ,4.4,4.4,1.8,2.2,-2.4,917,119,2.2,1975,62.416
MO2603-P-5200                 ,5,5.4,2,2.8,-2.4,1198,61,2.8,2331,92.41
MO2603-P-5400                 ,7,7.4,1.8,2.8,-4.4,1049,-1203,2.8,4974,241.14
MO2603-P-5600                 ,7.6,8.2,0.6,3.2,-5.2,1019,-491,3.2,3855,185.398
MO2603-P-5800                 ,9.2,9.8,2.2,3.6,-7,1365,-20,3.6,5084,273.862
MO2603-P-6000                 ,12,13,2.8,4.8,-9.4,1694,-353,4.8,9783,645.242
MO2603-P-6200                 ,17.4,17.8,2.8,5.4,-14.8,1187,-542,5.4,9051,691.132
MO2603-P-6400                 ,28,29,3.6,7.6,-24.2,1093,-446,7.6,7895,732.034
MO2603-P-6500                 ,34.2,34.2,4,9,-30.2,399,69,9,7596,825.488
MO2603-P-6600                 ,43.4,45,5,10.6,-38.8,1411,-542,10.6,9583,1337.644
MO2603-P-6700                 ,53.6,56.2,5.6,10.6,-50.8,407,78,12.2,6590,900.954
MO2603-P-6800                 ,68.2,70,8,15.4,-61.4,2759,-249,15.4,12332,2889.708
MO2603-P-6900                 ,84.6,86.8,8.4,17,-79.4,586,5,17,6758,1757.696
MO2603-P-7000                 ,106.6,111.6,11.2,21.8,-98.8,2088,175,21.6,12104,4332.984
MO2603-P-7100                 ,127.8,136.8,13.8,26.2,-123.8,656,177,26.2,6847,2392.194
MO2603-P-7200                 ,169.2,169.2,16.8,31.8,-152.8,1389,-146,31.8,11462,5720.624
MO2603-P-7300                 ,197.6,207,20,39.2,-183.8,964,674,39.4,6930,3627.588
MO2603-P-7400                 ,252.4,254.4,28.2,50,-219.6,2678,683,50,19186,14872.996
MO2603-P-7500                 ,293,301.2,35.8,62.2,-261.6,1450,1193,62.8,12269,9473.578
MO2603-P-7600                 ,344.6,357.6,46.8,77.2,-303.8,2088,1039,78.4,17098,18108.442
MO2603-P-7700                 ,414.2,414.2,52,97,-350,1927,1855,96.6,12662,15133.564
MO2603-P-7800                 ,491.2,491.2,64.8,122.4,-395.2,1846,1602,123.2,15015,20855.358
MO2603-P-7900                 ,513.4,513.4,84.6,153,-427,1440,1246,151,10412,18271.808
MO2603-P-8000                 ,630,630,102.4,189.6,-478.4,1777,1477,189.6,13691,29808.812
MO2603-P-8100                 ,667.4,668.6,127.8,229.6,-505.8,807,680,229.6,6866,17200.182
MO2603-P-8200                 ,745.2,745.2,176.8,276.8,-541.6,1762,1618,276.8,12896,38493.376
MO2603-P-8300                 ,767,771.8,195,327,-549.8,1274,1242,327,8167,27629.044
MO2603-P-8400                 ,958,958,257.4,403.6,-583.2,1280,1013,387.2,8700,33736.606
MO2603-P-8500                 ,870.4,870.4,308.2,451.2,-481.4,481,481,451.2,3507,15651.686
MO2603-P-8600                 ,1150.6,1150.6,358.4,523.4,-651,556,181,520.4,3020,16166.004
MO2603-P-8700                 ,931.6,960,450.4,596.4,-415.8,99,99,592.8,1077,6193.916
MO2603-P-8800                 ,947.4,947.4,489.4,688.4,-339.8,103,103,669.8,585,3736.61
MO2603-P-8900                 ,918.2,928.4,590,746.8,-201.4,57,57,750,385,2766.162
MO2603-P-9000                 ,978.6,1025.6,664.2,845.4,-187.6,86,86,833.4,393,3280.906
MO2603-P-9100                 ,906,1078,746.4,913.2,-53.6,38,38,919.2,253,2263.69
MO2603-P-9200                 ,1134,1208.8,827,1027.2,-20.4,46,46,1013.2,317,3182.238
MO2603-P-9300                 ,912.2,1300.2,910.6,1082.8,186.4,22,22,1096.6,97,1016.732
MO2603-P-9400                 ,1002.4,1357,1002.4,1206.4,228.6,25,25,1188.4,137,1546.72
MO2604-C-7300                 ,995,1258,903.8,903.8,38,6,6,1022.4,44,486.866
MO2604-C-7400                 ,834.2,1113.4,744.8,782.6,-43,5,5,942.2,64,586.466
MO2604-C-7500                 ,813.4,1010,670.4,712.4,-39.8,15,15,862.4,47,410.466
MO2604-C-7600                 ,601.2,951,599,719.8,37.4,27,27,786.2,60,479.824
MO2604-C-7700                 ,622.4,902.2,506,711.4,95,14,14,711.4,48,346.458
MO2604-C-7800                 ,551.8,806.2,459.8,655,100.4,43,43,646,110,725.084
MO2604-C-7900                 ,489.2,697.4,413.6,520.2,23.4,21,21,582.8,74,415.97
MO2604-C-8000                 ,454.8,665,359,524.8,81.8,71,71,524.8,312,1579.042
MO2604-C-8100                 ,414.2,622.6,312,478.8,85.6,27,27,469.6,388,1781.328
MO2604-C-8200                 ,372.4,551.8,270,414.6,67,105,105,414.6,715,2827.186
MO2604-C-8300                 ,330,521,232.6,373,67,60,60,373,801,2857.212
MO2604-C-8400                 ,295.6,469.8,200.6,332.6,64.6,118,118,332.6,1110,3719.49
MO2604-C-8500                 ,260.8,428.4,182.4,297.8,64,216,216,297.8,1013,3255.894
MO2604-C-8600                 ,242.6,393.4,152.8,265.8,62.6,114,114,265.8,1023,2672.046
MO2604-C-8700                 ,213.4,358.2,131.8,237.6,62,94,94,237.6,520,1236.884
MO2604-C-8800                 ,215.2,328,113.8,211,59.6,97,97,211,485,1064.95
MO2604-C-8900                 ,179.6,298,97.8,188.6,58.8,78,78,188.6,513,935.52
MO2604-C-9000                 ,164.6,268,85.2,169,58.2,98,98,168.8,783,1321.63
MO2604-C-9100                 ,150,250.8,71,153.6,59.4,199,199,153.4,3014,4372.916
MO2604-C-9200                 ,129.2,230,113.2,138.4,25,139,139,137.2,1194,1961.36
MO2604-C-9300                 ,206,206.4,101.6,122.6,-63.8,93,93,122.2,462,649.03
MO2604-C-9400                 ,177.4,196,89.8,115.6,-51,269,269,110.8,1572,1992.086
MO2604-P-7300                 ,79.4,101.8,43,73.4,-4.6,905,905,73.4,3384,2200.012
MO2604-P-7400                 ,103,122.2,51.2,88.6,-33.8,465,465,88.6,2407,2147.904
MO2604-P-7500                 ,142.8,142.8,69.2,109,-39.6,296,296,111,1348,1443.784
MO2604-P-7600                 ,170.8,185.2,87.2,133.6,-44.8,355,355,133.6,1211,1587.174
MO2604-P-7700                 ,204,207.6,99,163.2,-49,175,175,163.2,633,973.904
MO2604-P-7800                 ,242.4,248.6,121.4,194,-56,319,319,194,895,1657.226
MO2604-P-7900                 ,269.2,291.4,147.8,227,-64.6,186,186,226.8,526,1151.844
MO2604-P-8000                 ,316.8,368,178.4,272.2,-65.4,118,118,272.2,590,1511.49
MO2604-P-8100                 ,392.4,395,213.8,315.2,-72.4,71,71,315.2,699,2165.606
MO2604-P-8200                 ,450.2,475.6,252.8,368.4,-73.2,205,205,368.4,760,2784.696
MO2604-P-8300                 ,490.6,552.4,313,420.6,-78.8,121,121,420.6,508,2035.684
MO2604-P-8400                 ,582.8,620.6,361.4,483.6,-77.6,118,118,483.6,531,2377.34
MO2604-P-8500                 ,656.2,679,378.2,542.6,-84,137,137,543.8,365,1918.052
MO2604-P-8600                 ,692.6,757.4,478.8,611.6,-84,60,60,611.6,188,1124.596
MO2604-P-8700                 ,806.2,816.6,551,688.8,-78.8,57,57,679.8,174,1129.632
MO2604-P-8800                 ,885.2,899.6,615,760.4,-82.6,73,73,754.4,206,1463.234
MO2604-P-8900                 ,981.8,981.8,691.4,785.4,-135.6,34,34,831.6,71,562.606
MO2604-P-9000                 ,1066.8,1066.8,766.8,905.8,-95.8,22,22,911.6,52,450.796
MO2604-P-9100                 ,998.6,1097.2,896,998.6,-86.2,14,14,998.6,48,477.54
MO2604-P-9200                 ,977.6,977.6,977.6,977.6,-64,3,3,1081.4,3,29.328
MO2604-P-9300                 ,1067,1221.6,1061,1163,173.4,6,6,1162.6,18,205.232
MO2604-P-9400                 ,1152,1359,1074.2,1074.2,5.4,7,7,1250.4,16,195.716
MO2606-C-5200                 ,2110,3225.8,2110,2961.2,917.4,185,-65,2958,251,6813.188
MO2606-C-5400                 ,1949.2,3031.2,1949.2,2623.6,767.8,126,-19,2764.2,166,4198.388
MO2606-C-5600                 ,1808,2749,1808,2574,885.6,241,-37,2568.4,163,3964.416
MO2606-C-5800                 ,1575,2554.6,1572.8,2390.4,910,128,-25,2375.8,158,3411.342
MO2606-C-6000                 ,1371.8,2360,1371.8,2173.8,866.2,425,-264,2187.2,377,7129.306
MO2606-C-6200                 ,1203.4,2231.6,1203.4,2005.6,855,884,-46,1995.2,237,4348.996
MO2606-C-6400                 ,1010.4,2027.4,1008.4,1785.2,804.2,796,-153,1807.6,427,6779.558
MO2606-C-6600                 ,892.8,1800,888.4,1620.2,782.2,632,-49,1625.4,890,11156.228
MO2606-C-6800                 ,730.8,1653.2,730.8,1442,743.8,536,-278,1445,741,8579.552
MO2606-C-7000                 ,604.2,1440.6,603.4,1258,677.6,1333,-446,1275.8,2737,26440.484
MO2606-C-7200                 ,508.6,1335.6,493.6,1120.6,634.6,1098,-266,1152.8,3015,24867.488
MO2606-C-7400                 ,416,1176.6,416,971,581,1878,166,971,5728,45153.158
MO2606-C-7600                 ,338.8,1039.4,338.8,830.2,509.6,1141,-222,830.2,4753,33585.56
MO2606-C-7800                 ,278,924.4,271.6,713.6,453.8,1575,-165,715.4,4507,27156.558
MO2606-C-8000                 ,221.2,784.4,221.2,612.4,406.2,1817,-169,612.4,7964,41488.892
MO2606-C-8200                 ,182.8,681.2,180.6,522.6,351.4,1271,138,520,5781,25891.842
MO2606-C-8400                 ,150,570.6,149,439.8,299.8,1977,-23,439.8,11495,43963.348
MO2606-C-8600                 ,109.4,490.2,109.4,382,268.6,3432,853,382,16657,52504.462
MO2606-C-8800                 ,162.6,417.8,146.6,327.8,168.2,1393,1393,332.6,12182,32670.716
MO2606-C-9000                 ,211.4,356.4,153.2,280,98.4,1319,1319,280,9146,23377.516
MO2606-C-9200                 ,277,311,123.4,237.6,-36.4,1467,1467,237.6,10142,22218.908
MO2606-C-9400                 ,255.8,263,164.6,212.4,-25,679,679,215.6,2849,6031.246
MO2606-P-5200                 ,17,18.8,8,11.4,-8,1380,-376,11.4,8047,928.966
MO2606-P-5400                 ,25.2,25.2,9.6,14.4,-13.6,650,19,14.4,2512,397.476
MO2606-P-5600                 ,36.6,38.4,12,18,-21.2,788,190,18,3115,664.966
MO2606-P-5800                 ,49.8,50.4,16,22.6,-33.8,739,-53,22.6,3179,804.734
MO2606-P-6000                 ,69.8,74,19.6,29.6,-47.4,713,-521,29.2,3707,1318.244
MO2606-P-6200                 ,101.2,101.4,26.8,37.6,-68.8,831,-409,37.6,3359,1616.32
MO2606-P-6400                 ,140.6,140.6,36.4,49,-95.6,1290,-158,49,5471,3309.152
MO2606-P-6600                 ,182.4,189.6,46.8,63.6,-133.8,1122,-330,64.6,5369,4516.2
MO2606-P-6800                 ,242.4,252.4,62,85.4,-176,1233,-70,85.4,4778,5310.07
MO2606-P-7000                 ,321.8,328.6,83.2,112.8,-226.8,1616,-272,115,7885,13021.656
MO2606-P-7200                 ,421.4,423,109,152,-282.2,1479,285,152.6,6106,12362.734
MO2606-P-7400                 ,544,544,150.8,202.8,-343.4,2065,1129,202.8,8387,21353.742
MO2606-P-7600                 ,649.8,649.8,196.8,265.4,-405,1438,788,265.4,4862,15994.122
MO2606-P-7800                 ,755,755,255.2,346.4,-471.4,1111,525,345.6,3483,13937.596
MO2606-P-8000                 ,907,907,326.4,448.8,-518.6,1059,455,448.8,3617,17789.6
MO2606-P-8200                 ,1024.2,1025,413.8,557.6,-560.2,1123,800,547.6,3253,19340.62
MO2606-P-8400                 ,1181.4,1186.6,517.2,690.8,-584,731,94,671.4,1730,13140.686
MO2606-P-8600                 ,1419.4,1419.4,663.6,791.8,-677.2,1012,294,807.2,1250,11490.016
MO2606-P-8800                 ,1377.4,1377.8,761.8,961.6,-420.6,578,578,951.2,948,9428.514
MO2606-P-9000                 ,1258,1309.8,964.4,1090,-228,145,145,1102.6,324,3730.716
MO2606-P-9200                 ,1420,1458,1049.2,1284.4,-29.2,169,169,1264.2,490,6375.134
MO2606-P-9400                 ,1361.4,1554.6,1255,1443,207.8,59,59,1432.4,170,2352.316
MO2609-C-6200                 ,1124.4,2143.6,1124.4,1895,780.8,729,-22,1895,283,4757.306
MO2609-C-6400                 ,1020.4,1889.8,1010.4,1737.8,779.6,523,-50,1728.8,127,1965.22
MO2609-C-6600                 ,875.8,1720.2,871.8,1478.4,646.8,528,-365,1565.8,636,8653.594
MO2609-C-6800                 ,756.4,1559.4,756.4,1437.2,717.2,496,-247,1391.4,698,8423.988
MO2609-C-7000                 ,651.2,1407.2,651.2,1271.2,650.8,1110,115,1270,1071,11027.348
MO2609-C-7200                 ,565,1320,560.4,1059.4,521,640,-6,1128.6,838,7641.31
MO2609-C-7400                 ,460,1190.6,460,1000.4,553.8,803,-144,1011.2,1369,11700.556
MO2609-C-7600                 ,400,1057.6,400,883.8,502.8,1047,179,890.6,1851,13128.34
MO2609-C-7800                 ,332,940.6,332,779,461,563,88,786.6,1021,6900.474
MO2609-C-8000                 ,282.4,839.6,282.4,694.8,427,491,-105,694.2,1593,8697.94
MO2609-C-8200                 ,243.2,739.8,243,599,375.2,418,-231,610.8,2554,13633.146
MO2609-C-8400                 ,196.4,653,195.8,530.8,343.8,473,-421,530.8,3449,15092.172
MO2609-C-8600                 ,164.2,578.6,162.4,471,314,1638,-864,475.2,6749,23480.57
MO2609-C-8800                 ,211.2,496.4,203,407.8,200,424,424,413.8,3466,11073.468
MO2609-C-9000                 ,270.4,437.4,228,360,121,263,263,359.4,2661,8826.818
MO2609-C-9200                 ,337.6,382,192.6,317.8,-3.2,593,593,320.4,4433,12613.922
MO2609-C-9400                 ,322.8,329,237.6,281,-22.6,228,228,280.8,1310,3645.838
MO2609-P-6200                 ,190.8,190.8,60.2,85.2,-118.8,762,-1226,85.2,5413,6033.958
MO2609-P-6400                 ,247.2,252.6,82,112.6,-159,713,-610,112.2,3464,4878.092
MO2609-P-6600                 ,315.2,326.8,108,145.8,-191.4,1021,-570,147.6,2698,4817.418
MO2609-P-6800                 ,409.2,410.8,145,194.2,-237.8,897,68,189.2,1667,3661.396
MO2609-P-7000                 ,498,498,186.2,239,-291.6,769,227,239,1490,4200.692
MO2609-P-7200                 ,600,602,238.4,308.4,-332,1009,189,303.2,2376,8558.68
MO2609-P-7400                 ,737.4,737.4,302.6,374.4,-368.2,1295,-106,375.2,2392,10060.58
MO2609-P-7600                 ,818.4,818.4,358.4,456.4,-422.4,1194,370,456.4,2112,10611.048
MO2609-P-7800                 ,924,924,437,545.8,-467.2,436,267,545.8,1264,7388.094
MO2609-P-8000                 ,1078,1078,527.2,654.6,-504,287,120,654.6,1240,8579.244
MO2609-P-8200                 ,1180,1180,624,769.2,-544.2,179,23,767,1095,8532.98
MO2609-P-8400                 ,1302.8,1302.8,731.4,893,-547.4,133,75,890,539,4914.362
MO2609-P-8600                 ,1590,1590,858,1018.4,-609.6,504,143,1022.8,1137,12221.032
MO2609-P-8800                 ,1554.2,1568.8,977.6,1249.6,-304.6,218,218,1162.2,405,4724.544
MO2609-P-9000                 ,1407.2,1450,1114.6,1270.2,-239.4,148,148,1308.8,343,4396.062
MO2609-P-9200                 ,1543,1613.4,1258.4,1429.4,-59.2,55,55,1460.8,189,2774.98
MO2609-P-9400                 ,1444.4,1804.4,1444.4,1640,201.6,33,33,1618.4,51,824.888
MO2612-C-6400                 ,981,1844.2,981,1680,751,303,84,1681.8,478,6879.104
MO2612-C-6600                 ,868,1662.4,868,1400,579.6,101,-26,1531,229,3074.778
MO2612-C-6800                 ,765.4,1556.4,754.8,1404.6,685.4,83,-24,1393.4,377,3979.26
MO2612-C-7000                 ,668.2,1399.6,668.2,1250,620.4,547,397,1264.2,1049,10595.784
MO2612-C-7200                 ,609.2,1321.2,603.4,1033.2,466,313,244,1144,856,8040.368
MO2612-C-7400                 ,510.4,1183.2,510.4,1038.4,540,264,195,1034.8,939,8662.482
MO2612-C-7600                 ,494.8,1100,494.8,937.4,517.2,372,290,932.4,947,7673.72
MO2612-C-7800                 ,380.8,999.2,380.8,845,464.2,381,337,840,956,6544.16
MO2612-C-8000                 ,329.6,900.4,329.6,697.4,376.6,535,370,755.2,1290,7955.9
MO2612-C-8200                 ,294,815,294,682.6,399,921,638,682.6,2364,13685.686
MO2612-C-8400                 ,261,750.6,256.8,610.4,366.6,400,60,618.4,1517,7532.298
MO2612-C-8600                 ,275,675.6,274.8,544.2,285.2,183,183,544.2,1102,4450.002
MO2612-C-8800                 ,277.6,588,263.6,484,212.2,236,236,487,2277,8469.978
MO2612-C-9000                 ,320,497.6,286,435.6,130.6,250,250,431.6,2150,8317.458
MO2612-C-9200                 ,385.8,451,250,384.2,-6.4,513,513,389,4852,17092.39
MO2612-C-9400                 ,415,415,296.2,343.8,-42.8,440,440,343.8,1499,5148.492
MO2612-P-6400                 ,366.2,368.2,108,185,-197,2329,1218,185.4,7571,16249.95
MO2612-P-6600                 ,449.6,450,188.8,228,-240.4,1167,716,231.8,2485,6101.132
MO2612-P-6800                 ,540.2,553.4,235.6,286.2,-272.6,894,619,286.2,1716,5344.03
MO2612-P-7000                 ,638,638.8,291.8,360.6,-303.2,353,236,350,1105,4490.448
MO2612-P-7200                 ,727,727,352,434.8,-349.6,583,437,433.8,1433,6761.52
MO2612-P-7400                 ,871.2,871.2,420.2,521,-402.2,592,321,520,1834,9978.708
MO2612-P-7600                 ,1003,1003,498.4,615.6,-436.4,711,531,615.6,2043,13210.98
MO2612-P-7800                 ,1100,1100,583,705.2,-480.2,373,359,715.2,999,7747.604
MO2612-P-8000                 ,1241.8,1242.6,690.4,838.4,-495.4,493,418,827,1101,9663.29
MO2612-P-8200                 ,1426.6,1426.6,812,955,-525,709,692,947.2,1127,11228.926
MO2612-P-8400                 ,1580,1580,925.4,1068.4,-568.2,227,208,1068.4,533,6001.568
MO2612-P-8600                 ,1622.4,1638.2,1066.6,1196.8,-472.8,91,91,1203.4,183,2382.852
MO2612-P-8800                 ,1736,1736,1198,1345.4,-377.6,80,80,1342.6,173,2499.062
MO2612-P-9000                 ,1615.2,1629,1286.2,1481,-188.2,88,88,1486.4,159,2395.826
MO2612-P-9200                 ,1740,1760.6,1464.6,1760.6,88.2,70,70,1637.4,122,2056.944
MO2612-P-9400                 ,1590.6,1850,1590.6,1773,164.2,13,13,1791,34,595.128
小计,,,,,,333557,39278,,7369242,10851283.56
T2603                         ,107.92,108.345,107.53,108.31,0.45,260856,37210,108.285,1371565,148114395.315
T2606                         ,107.88,108.335,107.5,108.31,0.435,38227,27071,108.28,134639,14542400.32
T2609                         ,107.795,108.335,107.425,108.27,0.53,5546,4229,108.255,11785,1271520.075
小计,,,,,,304629,68510,,1517989,163928315.71
TF2603                        ,105.795,105.945,105.46,105.89,0.13,138897,-9013,105.88,1149746,121563699.605
TF2606                        ,105.755,106,105.465,105.92,0.175,41141,25448,105.905,105166,11126122.01
TF2609                        ,105.605,105.8,105.385,105.725,0.11,4886,3129,105.715,7647,807651.5
小计,,,,,,184924,19564,,1262559,133497473.115
TL2603                        ,111.65,112.63,110.4,111.92,0.51,134801,-7276,111.86,1993784,222204755.3
TL2606                        ,111.82,112.78,110.54,112.04,0.41,43929,18443,112,235880,26322837.65
TL2609                        ,111.62,112.48,110.34,111.72,0.32,2594,1392,111.7,8768,976520.78
小计,,,,,,181324,12559,,2238432,249504113.73
TS2603                        ,102.452,102.462,102.308,102.394,-0.06,66252,-7947,102.388,643396,131739773.756
TS2606                        ,102.48,102.486,102.342,102.418,-0.074,9944,7257,102.412,35802,7332735.544
TS2609                        ,102.484,102.494,102.358,102.442,-0.054,988,247,102.436,7473,1530843.836
小计,,,,,,77184,-443,,686671,140603353.136
合计,,,,,,2591615,420742,,30053053,2635236511.869
